state,alpha_lactalbumin,alpha_lactalbumin,alpha_lactalbumin,alpha_lactalbumin,alpha_lactalbumin,alpha_lactalbumin
quantity,sequence,_dG,dG,pfact,k_obs,covariance
r_number,,,,,,
3,Q,32110.56,32110.56,340990.76,0.0,1348.44
4,F,30850.45,30850.45,206833.67,0.0,1352.39
5,T,28871.72,28871.72,94336.77,0.0,1274.51
6,K,28658.71,28658.71,86691.87,0.0,1292.66
7,C,31957.63,31957.63,320916.55,0.0,1304.62
8,E,30251.03,30251.03,163057.36,0.0,1298.49
9,L,26622.47,26622.47,38648.1,0.0,811.75
10,S,32654.44,32654.44,423111.76,0.0,1389.14
11,Q,33390.42,33390.42,566586.12,0.0,1254.91
12,L,29129.03,29129.03,104475.87,0.0,1266.74
13,L,23346.84,23346.84,10537.26,0.0,1278.78
14,K,25035.98,25035.98,20595.47,0.0,912.65
15,D,27104.21,27104.21,46787.99,0.01,734.06
16,I,20533.2,20533.2,3450.88,0.01,675.08
17,D,24637.5,24637.5,17583.81,0.01,617.91
18,G,24081.75,24081.75,14104.43,0.01,584.75
19,Y,24324.18,24324.18,15528.42,0.01,605.08
20,G,24913.18,24913.18,19616.08,0.01,588.87
21,G,25575.09,25575.09,25507.15,0.01,589.32
22,I,21581.24,21581.24,5230.1,0.01,588.61
23,A,25048.08,25048.08,20694.6,0.0,670.86
24,L,23084.98,23084.98,9497.49,0.0,672.78
25,P,29208.01,,,,
26,E,35482.17,35482.17,1299210.73,0.0,2154.01
27,L,33344.19,33344.19,556288.44,0.0,2477.69
28,I,34046.02,34046.02,734897.85,0.0,2183.02
29,C,41758.53,41758.53,15671697.25,0.0,5592.52
30,T,42247.88,42247.88,19029718.6,0.0,6043.0
31,M,40580.17,40580.17,9819284.94,0.0,13639.4
32,F,38738.89,38738.89,4729588.15,0.0,3510.64
33,H,39731.16,39731.16,7011206.37,0.0,1601.37
34,T,40140.76,40140.76,8248376.14,0.0,1283.06
35,S,42705.74,42705.74,22820364.05,0.0,1267.57
36,G,40997.97,40997.97,11589619.96,0.0,1283.06
37,Y,38850.58,38850.58,4943875.82,0.0,1055.22
38,D,40236.6,40236.6,8568069.5,0.0,586.08
39,T,37982.53,37982.53,3503479.14,0.0,584.26
40,Q,40874.26,40874.26,11034512.47,0.0,586.08
41,A,40606.73,40606.73,9923305.2,0.0,1152.25
42,I,26572.45,26572.45,37888.76,0.0,1591.96
43,V,19616.33,19616.33,2398.56,0.01,766.35
44,E,23530.72,23530.72,11334.74,0.01,768.79
45,N,27251.77,27251.77,49608.83,0.01,713.58
46,N,31368.41,31368.41,254019.99,0.0,644.26
47,E,28590.67,28590.67,84383.14,0.0,716.47
48,S,35488.05,35488.05,1302248.13,0.0,1008.61
49,T,41016.28,41016.28,11674087.42,0.0,772.91
50,E,40264.99,40264.99,8665100.41,0.0,749.31
51,Y,37315.65,37315.65,2689026.35,0.0,796.1
52,G,39858.83,39858.83,7375508.51,0.0,727.91
53,L,37395.31,37395.31,2775366.33,0.0,726.44
54,F,37022.16,37022.16,2393450.2,0.0,1004.37
55,Q,40183.78,40183.78,8390387.41,0.0,1327.29
56,I,27633.82,27633.82,57727.97,0.0,988.84
57,S,31516.48,31516.48,269389.73,0.0,733.17
58,N,35255.41,35255.41,1187432.19,0.0,734.4
59,K,32329.01,32329.01,371861.72,0.0,733.17
60,L,28067.72,28067.72,68572.45,0.0,732.03
61,W,28550.79,,,,
62,C,29056.58,,,,
63,K,29562.38,,,,
64,S,30068.18,,,,
65,S,30573.98,,,,
66,Q,31079.78,,,,
67,V,31585.58,,,,
68,P,32091.37,,,,
69,Q,32597.17,,,,
70,S,33102.97,,,,
71,R,33608.77,,,,
72,N,34114.57,,,,
73,I,34620.37,,,,
74,C,35126.16,,,,
75,D,35631.96,,,,
76,I,36137.76,,,,
77,S,36643.56,,,,
78,C,37149.36,,,,
79,D,37655.15,,,,
80,K,38199.18,38199.18,3817946.24,0.0,2094.42
81,F,38745.32,38745.32,4741661.9,0.0,2099.41
82,L,36456.75,36456.75,1912511.09,0.0,2094.42
83,D,33041.35,33041.35,493311.0,0.0,367.73
84,D,33149.41,33149.41,514919.7,0.0,400.69
85,D,26988.53,26988.53,44689.07,0.0,6252.05
86,I,25762.1,25762.1,27471.58,0.0,1845.09
87,T,31599.46,31599.46,278405.9,0.0,1221.84
88,D,35048.48,35048.48,1093842.98,0.0,1241.31
89,D,34681.5,34681.5,945634.51,0.0,400.12
90,I,34434.17,34434.17,857248.53,0.0,847.55
91,M,38334.55,38334.55,4028595.32,0.0,773.95
92,C,43859.3,43859.3,36064815.09,0.0,907.16
93,A,42967.82,42967.82,25320947.56,0.0,726.9
94,K,39614.45,39614.45,6693978.93,0.0,686.85
95,K,40270.68,40270.68,8684700.23,0.0,669.13
96,I,36297.95,36297.95,1795734.19,0.0,667.75
97,L,35169.05,35169.05,1147435.89,0.0,666.48
98,D,39168.73,39168.73,5608989.64,0.0,669.13
99,I,29972.74,29972.74,146012.62,0.0,464.04
100,K,32183.66,32183.66,351024.71,0.0,485.44
101,G,33790.93,33790.93,664162.5,0.0,422.57
102,I,30088.11,30088.11,152850.86,0.0,424.25
103,D,32514.86,32514.86,400316.77,0.0,422.57
104,Y,30720.98,30720.98,196477.44,0.0,486.77
105,W,30501.03,30501.03,180058.93,0.0,1714.9
106,L,16427.75,16427.75,676.94,0.05,1085.61
107,A,19182.58,19182.58,2019.36,0.05,1086.73
108,H,20339.07,20339.07,3195.07,0.05,1086.55
109,K,21252.45,21252.45,4590.49,0.05,1088.87
110,A,21098.49,21098.49,4318.47,0.05,1086.48
111,L,17067.02,17067.02,872.36,0.05,1085.3
112,C,22777.98,22777.98,8408.38,0.05,1179.4
113,T,23150.85,23150.85,9748.95,0.05,1182.01
114,E,20910.12,20910.12,4007.51,0.05,1920.66
115,K,19277.01,19277.01,2096.45,0.05,2084.98
116,L,17740.44,17740.44,1139.54,0.05,2077.94
117,E,18521.22,18521.22,1553.31,0.05,2085.34
118,Q,19824.37,19824.37,2604.93,0.05,2093.67
119,W,18116.12,,,,
120,L,16387.88,16387.88,666.32,0.05,32287.25
121,C,22730.14,22730.14,8250.28,0.05,7403.85
122,E,22872.11,22872.11,8728.32,0.05,7781.08
123,K,19269.41,19269.41,2090.14,0.05,7213.87
124,L,19269.4,19269.4,2090.13,0.0,5319.69
