state,alpha_spectrin,alpha_spectrin,alpha_spectrin,alpha_spectrin,alpha_spectrin,alpha_spectrin
quantity,sequence,_dG,dG,pfact,k_obs,covariance
r_number,,,,,,
2,V,16441.64,16441.64,680.68,2.36,1188.42
3,H,9548.19,9548.19,44.18,2.35,1167.21
4,Q,11882.83,11882.83,111.54,2.38,1213.27
5,F,10184.72,10184.72,56.87,2.37,1186.74
6,F,9387.63,9387.63,41.45,2.34,1249.59
7,R,11266.83,11266.83,87.36,2.35,650.07
8,D,12302.74,12302.74,131.76,2.36,655.86
9,M,9339.88,9339.88,40.67,2.33,633.1
10,D,15967.72,15967.72,564.01,0.43,520.42
11,D,14292.89,14292.89,290.21,0.43,514.24
12,E,13177.83,13177.83,186.46,0.41,504.2
13,E,13315.86,13315.86,196.95,0.42,505.44
14,S,11739.5,11739.5,105.38,2.34,1342.1
15,W,9566.38,9566.38,44.5,2.56,404.68
16,I,4419.61,4419.61,5.77,3.2,201.49
17,K,7233.29,7233.29,17.63,4.33,152.84
18,E,8858.27,8858.27,33.6,4.44,151.49
19,K,7724.34,7724.34,21.43,4.33,152.98
20,K,9260.18,9260.18,39.41,4.47,150.83
21,L,6116.84,6116.84,11.32,4.22,154.25
22,L,4131.22,4131.22,5.15,3.96,155.91
23,V,2948.49,2948.49,3.22,4.38,133.35
24,S,9600.92,9600.92,45.11,5.53,117.19
25,S,12141.02,12141.02,123.58,5.64,115.73
26,E,9369.42,9369.42,41.15,5.52,117.37
27,D,8002.06,8002.06,23.92,5.37,120.08
28,Y,5730.79,5730.79,9.71,4.97,126.91
29,G,8361.38,8361.38,27.59,5.5,117.41
30,R,9697.21,9697.21,46.87,5.58,116.27
31,D,10089.48,10089.48,54.76,5.63,115.75
32,L,4039.94,4039.94,4.97,4.37,139.16
33,T,6869.78,6869.78,15.26,4.84,133.94
34,G,9499.5,9499.5,43.33,5.01,132.47
35,V,5445.58,5445.58,8.68,4.58,138.91
36,Q,8060.35,8060.35,24.48,4.9,134.08
37,N,12520.92,12520.92,143.68,5.08,131.19
38,L,7019.38,7019.38,16.2,4.8,135.42
39,R,8444.29,8444.29,28.51,3.77,184.42
40,K,10248.01,10248.01,58.31,3.83,185.39
41,K,9698.69,9698.69,46.89,3.77,185.81
42,H,9851.98,9851.98,49.83,3.8,185.62
43,K,10103.54,10103.54,55.06,3.8,185.59
44,R,10364.63,10364.63,61.07,3.83,185.38
45,L,7342.91,7342.91,18.42,3.38,212.47
46,E,7557.17,7557.17,20.05,3.41,211.45
47,A,8560.14,8560.14,29.85,3.45,211.76
48,E,8776.7,8776.7,32.53,3.48,211.75
49,L,5114.38,5114.38,7.61,3.25,210.45
50,A,13204.81,13204.81,188.46,0.49,625.68
51,A,15306.62,15306.62,433.89,0.35,531.66
52,H,15281.16,15281.16,429.52,0.34,528.7
53,E,15786.14,15786.14,524.8,0.35,531.49
54,P,14888.37,,,,
55,A,13928.26,13928.26,251.12,0.34,530.91
56,I,11082.44,11082.44,81.2,0.34,533.11
57,Q,14335.99,14335.99,295.21,0.34,530.65
58,S,17724.01,17724.01,1132.14,0.49,625.94
59,V,12094.79,12094.79,121.33,0.49,627.41
60,L,10233.77,10233.77,57.98,0.48,629.83
61,D,13769.89,13769.89,235.83,0.49,627.93
62,T,7902.32,7902.32,22.99,3.52,200.87
63,G,10319.26,10319.26,59.98,3.64,198.52
64,K,10103.13,10103.13,55.06,3.61,198.77
65,K,9811.1,9811.1,49.03,3.61,198.76
66,L,6650.87,6650.87,13.99,3.47,198.8
67,S,10280.48,10280.48,59.07,3.61,198.42
68,D,11662.76,11662.76,102.22,3.65,198.17
69,D,8904.81,8904.81,34.22,3.55,200.35
70,N,11147.46,11147.46,83.32,3.64,199.91
71,T,10781.02,10781.02,72.04,3.65,196.92
72,I,6212.35,6212.35,11.76,3.47,197.1
73,G,7795.59,7795.59,22.04,3.58,196.98
74,K,10063.68,10063.68,54.2,3.67,196.66
75,E,9380.74,9380.74,41.34,3.63,196.95
76,E,7798.32,7798.32,22.06,3.58,196.98
77,I,4256.57,4256.57,5.41,3.09,215.08
78,Q,8519.55,8519.55,29.37,3.34,218.85
79,Q,11037.08,11037.08,79.75,3.38,219.37
80,R,11136.12,11136.12,82.94,3.41,219.22
81,L,7414.77,7414.77,18.95,3.28,218.49
82,A,8572.03,8572.03,29.99,2.99,268.71
83,Q,10142.52,10142.52,55.92,3.03,269.92
84,F,9913.6,9913.6,51.07,2.63,373.22
85,V,20929.21,20929.21,4037.98,0.01,239.11
86,D,24188.46,24188.46,14714.37,0.01,175.53
87,H,23330.58,23330.58,10469.52,0.01,175.29
88,W,22857.85,22857.85,8679.08,0.01,180.54
89,K,24107.99,24107.99,14251.99,0.01,167.46
90,E,23919.59,23919.59,13225.57,0.01,185.76
91,L,19157.76,19157.76,1999.58,0.01,184.54
92,K,18985.33,18985.33,1867.36,0.05,431.83
93,Q,16958.97,16958.97,835.76,0.27,348.69
94,L,13701.58,13701.58,229.52,0.27,350.15
95,A,13604.08,13604.08,220.81,0.42,409.03
96,A,10266.83,10266.83,58.75,2.51,858.96
97,A,14759.33,14759.33,349.2,0.43,349.7
98,R,15224.68,15224.68,420.01,0.43,349.45
99,G,15864.25,15864.25,541.32,0.43,349.18
100,Q,16096.75,16096.75,593.63,0.43,349.1
101,R,16367.94,16367.94,661.06,0.43,350.31
102,L,12881.61,12881.61,165.78,0.39,350.04
103,E,12951.8,12951.8,170.46,0.42,462.13
104,E,19146.39,19146.39,1990.57,0.04,328.2
105,S,22618.51,22618.51,7892.88,0.03,293.16
106,L,19939.79,19939.79,2726.99,0.03,291.66
107,E,21642.34,21642.34,5358.43,0.01,258.11
108,Y,27623.65,27623.65,57495.56,0.0,1958.68
109,Q,32363.6,32363.6,377000.31,0.0,2048.44
110,Q,33215.23,33215.23,528541.77,0.0,2066.32
111,F,31493.04,31493.04,266895.49,0.0,2048.44
112,V,29601.13,29601.13,125996.93,0.0,1207.3
113,A,31311.54,31311.54,248352.3,0.0,677.32
114,N,34949.08,34949.08,1051542.01,0.0,680.69
115,V,29159.86,29159.86,105761.4,0.0,842.48
116,E,28855.82,28855.82,93743.46,0.0,719.86
117,E,28096.85,28096.85,69369.51,0.0,706.6
118,E,27477.77,27477.77,54262.4,0.0,762.02
119,E,13058.26,13058.26,177.82,0.46,193.77
120,A,13767.6,13767.6,235.61,0.45,194.61
121,W,12172.28,12172.28,125.12,0.46,195.17
122,I,10807.01,10807.01,72.79,0.29,180.72
123,N,14350.13,14350.13,296.87,0.92,123.26
124,E,14075.97,14075.97,266.28,0.91,123.25
125,K,8564.08,8564.08,29.9,3.14,234.04
126,M,10289.01,10289.01,59.27,3.21,234.98
127,T,9896.93,9896.93,50.73,3.18,234.72
128,L,7419.75,7419.75,18.99,3.13,233.43
129,V,4179.37,4179.37,5.25,2.96,225.8
130,A,7764.53,7764.53,21.77,4.78,136.77
131,S,10716.59,10716.59,70.23,4.94,134.16
132,E,9658.55,9658.55,46.15,4.93,133.27
133,D,8244.58,8244.58,26.34,4.9,133.35
134,Y,5923.24,5923.24,10.49,4.64,137.32
135,G,8649.6,8649.6,30.93,4.92,132.94
136,D,10088.68,10088.68,54.74,5.02,131.55
137,T,7077.25,7077.25,16.57,4.81,134.9
138,L,6331.96,6331.96,12.33,4.69,136.48
139,A,7400.9,7400.9,18.85,4.66,139.99
140,A,8662.6,8662.6,31.09,4.68,141.91
141,I,4483.76,4483.76,5.92,4.04,154.11
142,Q,7781.76,7781.76,21.92,4.43,150.65
143,G,9747.91,9747.91,47.82,4.55,148.86
144,L,6375.54,6375.54,12.55,4.31,152.37
145,L,4135.37,4135.37,5.16,3.95,156.46
146,K,7322.81,7322.81,18.27,4.38,152.06
147,K,9249.47,9249.47,39.24,4.49,150.55
148,H,9631.03,9631.03,45.65,4.14,168.03
149,E,9491.89,9491.89,43.2,4.11,168.37
150,A,8135.67,8135.67,25.22,4.06,168.97
151,F,7787.15,7787.15,21.97,3.76,182.96
152,E,9593.08,9593.08,44.97,2.91,279.17
153,T,8639.55,8639.55,30.8,2.85,281.11
154,D,11655.71,11655.71,101.93,2.91,287.0
155,F,10671.55,10671.55,68.98,0.82,137.35
156,T,14808.98,14808.98,356.15,0.41,713.42
157,V,7482.39,7482.39,19.46,2.32,285.95
158,H,9559.08,9559.08,44.37,2.34,276.24
159,K,11346.15,11346.15,90.15,2.34,292.18
160,D,11731.41,11731.41,105.04,2.35,289.12
161,R,9863.89,9863.89,50.07,2.34,300.02
162,V,7608.51,7608.51,20.46,2.32,293.64
163,N,12507.79,12507.79,142.93,2.34,278.98
164,D,12894.82,12894.82,166.65,2.36,223.36
165,V,5084.01,5084.01,7.52,2.33,213.07
166,C,17518.19,17518.19,1043.36,0.43,1408.78
167,A,13659.11,13659.11,225.69,2.35,257.93
168,N,17312.49,17312.49,961.6,0.48,1476.74
169,G,16895.74,16895.74,815.05,0.36,1082.79
170,E,16053.92,16053.92,583.63,0.29,552.87
171,D,15752.08,15752.08,517.76,0.26,588.05
172,L,11644.59,11644.59,101.48,0.25,791.76
173,I,4256.42,4256.42,5.41,2.69,312.32
174,K,7752.54,7752.54,21.67,3.56,209.65
175,K,9804.68,9804.68,48.91,3.62,209.77
176,N,12892.15,12892.15,166.48,3.65,209.8
177,N,14037.08,14037.08,262.2,3.68,209.24
178,H,11141.53,11141.53,83.12,3.64,209.79
179,H,10399.59,10399.59,61.93,3.62,210.7
180,V,6364.25,6364.25,12.49,3.46,210.59
181,E,7873.72,7873.72,22.73,3.56,210.56
182,N,11350.12,11350.12,90.29,3.6,215.1
183,I,7105.0,7105.0,16.76,3.29,232.17
184,T,7663.74,7663.74,20.92,3.43,223.56
185,A,10697.64,10697.64,69.7,3.37,241.25
186,K,9442.1,9442.1,42.35,3.16,265.31
187,M,9854.29,9854.29,49.88,3.8,196.72
188,K,9655.59,9655.59,46.1,3.74,197.77
189,G,9737.56,9737.56,47.62,3.8,196.74
190,L,6835.4,6835.4,15.06,3.64,197.45
191,K,7761.67,7761.67,21.74,3.71,196.88
192,G,9752.58,9752.58,47.91,3.78,196.53
193,K,9971.45,9971.45,52.25,3.8,196.65
194,V,5827.14,5827.14,10.09,3.56,198.23
195,S,10571.93,10571.93,66.31,3.79,197.1
196,D,11545.29,11545.29,97.56,3.83,196.47
197,L,4818.49,4818.49,6.76,3.36,207.47
198,E,7576.19,7576.19,20.2,3.39,222.26
199,K,8309.69,8309.69,27.03,3.46,219.35
200,A,10106.57,10106.57,55.13,3.53,219.41
201,A,9389.62,9389.62,41.48,3.53,215.82
202,A,9366.2,9366.2,41.1,3.57,211.53
203,Q,9699.49,9699.49,46.91,3.6,211.14
204,R,10965.69,10965.69,77.52,3.64,210.72
205,K,10400.16,10400.16,61.94,3.61,211.17
206,A,10049.98,10049.98,53.91,3.6,211.16
207,K,9114.56,9114.56,37.19,3.58,211.09
208,L,6656.94,6656.94,14.03,3.46,210.92
209,D,8681.59,8681.59,31.32,3.61,208.97
210,E,7657.28,7657.28,20.86,3.52,207.75
211,N,11326.09,11326.09,89.44,3.63,207.67
212,S,13699.83,13699.83,229.36,3.19,265.17
213,A,7782.86,7782.86,21.93,0.21,91.21
