state,barnase,barnase,barnase,barnase,barnase,barnase
quantity,sequence,_dG,dG,pfact,k_obs,covariance
r_number,,,,,,
2,Q,30007.82,30007.82,148058.95,0.05,1783.28
3,V,17372.02,17372.02,984.58,0.05,1776.68
4,I,15258.82,15258.82,425.73,0.05,1762.32
5,N,21784.8,21784.8,5670.01,0.05,1774.04
6,T,22650.25,22650.25,7992.89,0.03,1764.78
7,F,21796.3,21796.3,5695.94,0.02,1792.09
8,D,27336.41,27336.41,51303.03,0.0,598.52
9,G,25265.74,25265.74,22561.09,0.0,600.74
10,V,28074.68,28074.68,68762.11,0.0,556.91
11,A,30338.17,30338.17,168792.92,0.0,556.93
12,D,31731.83,31731.83,293417.18,0.0,556.94
13,Y,37086.92,37086.92,2455744.19,0.0,989.57
14,L,35918.97,35918.97,1545047.46,0.0,1045.55
15,Q,36461.06,36461.06,1915777.88,0.0,518.05
16,T,38047.15,38047.15,3594467.03,0.0,566.71
17,Y,36925.35,36925.35,2303271.98,0.0,518.05
18,H,31216.28,31216.28,239141.41,0.0,513.82
19,K,31791.0,31791.0,300387.25,0.0,515.63
20,L,28319.12,28319.12,75764.42,0.0,513.83
21,P,29463.97,,,,
22,D,30136.2,30136.2,155795.22,0.0,514.67
23,N,32707.57,32707.57,432123.9,0.0,515.63
24,Y,31105.61,31105.61,228868.63,0.0,375.88
25,I,33679.38,33679.38,635410.52,0.0,1006.26
26,T,32886.99,32886.99,464005.57,0.0,477.96
27,K,35513.21,35513.21,1315311.32,0.0,479.65
28,S,37384.99,37384.99,2764021.38,0.0,481.46
29,E,35688.22,35688.22,1409884.21,0.0,479.65
30,A,33759.34,33759.34,655891.54,0.0,477.96
31,Q,34953.32,34953.32,1053315.93,0.0,601.0
32,A,35724.62,35724.62,1430390.89,0.0,603.98
33,L,31238.92,31238.92,241299.6,0.0,601.0
34,G,29798.03,29798.03,136234.13,0.0,2281.52
35,W,26009.94,26009.94,30310.09,0.0,2085.49
36,V,18533.28,18533.28,1560.76,0.01,953.48
37,A,22384.82,22384.82,7193.98,0.02,956.75
38,S,25306.84,25306.84,22931.96,0.02,960.6
39,K,24706.5,24706.5,18071.82,0.02,956.64
40,G,23757.92,23757.92,12403.91,0.01,952.81
41,N,26989.97,26989.97,44714.6,0.02,960.58
42,L,21726.39,21726.39,5540.12,0.01,952.93
43,A,29933.93,29933.93,143781.14,0.0,3180.92
44,D,40188.66,40188.66,8406636.54,0.0,1339.1
45,V,34399.86,34399.86,845659.39,0.0,18617.06
46,A,38619.27,38619.27,4510366.3,0.0,10104.29
47,P,38246.7,,,,
48,G,37938.83,37938.83,3443262.64,0.0,18617.55
49,K,40223.3,40223.3,8522976.76,0.0,12621.87
50,S,42275.62,42275.62,19240302.17,0.0,10104.3
51,I,37010.23,37010.23,2382155.41,0.0,18617.48
52,G,37959.85,37959.85,3472092.03,0.0,12621.84
53,G,40281.34,40281.34,8721502.42,0.0,12621.87
54,D,40999.56,40999.56,11596894.73,0.0,10104.3
55,I,34225.75,34225.75,789215.19,0.0,18617.02
56,F,36885.01,36885.01,2266698.75,0.0,2017.18
57,S,42233.21,42233.21,18919262.17,0.0,1429.7
58,N,37888.64,37888.64,3375380.91,0.0,770.25
59,R,35664.46,35664.46,1396655.95,0.0,762.93
60,E,37096.69,37096.69,2465287.73,0.0,447.23
61,G,35497.13,35497.13,1306944.87,0.0,448.67
62,K,37211.87,37211.87,2580552.94,0.0,447.23
63,L,33870.29,33870.29,685406.93,0.0,448.67
64,P,34093.18,,,,
65,G,34931.71,34931.71,1044322.56,0.0,447.94
66,K,37253.21,37253.21,2623221.58,0.0,447.94
67,S,39301.22,39301.22,5911706.86,0.0,447.23
68,G,38065.73,38065.73,3621054.28,0.0,447.94
69,R,37949.65,37949.65,3458079.93,0.0,447.94
70,T,37369.28,37369.28,2746850.27,0.0,447.94
71,W,35321.22,35321.22,1218846.03,0.0,448.67
72,R,36324.61,36324.61,1814825.54,0.0,447.94
73,E,37096.69,37096.69,2465287.73,0.0,447.23
74,A,35671.24,35671.24,1400416.75,0.0,448.67
75,D,37038.51,37038.51,2409032.17,0.0,447.23
76,I,31218.62,31218.62,239363.88,0.0,447.94
77,N,27446.99,27446.99,53603.71,0.01,3138.5
78,Y,26228.19,26228.19,33051.58,0.01,3138.72
79,T,20064.58,20064.58,2865.4,0.05,1494.31
80,S,24917.64,24917.64,19650.84,0.03,8546.7
81,G,24917.65,24917.65,19650.92,0.01,1098.9
82,F,26532.4,26532.4,37291.44,0.0,2110.26
83,R,27751.21,27751.21,60480.2,0.0,2110.23
84,N,31020.44,31020.44,221264.11,0.0,2117.51
85,S,30943.29,30943.29,214594.19,0.0,2110.2
86,D,29299.88,29299.88,111803.2,0.0,2102.78
87,R,39248.59,39248.59,5789554.11,0.0,835.27
88,I,36954.64,36954.64,2330185.27,0.0,809.22
89,L,35248.82,35248.82,1184333.91,0.0,808.78
90,Y,36705.69,36705.69,2111035.7,0.0,3910.39
91,S,41929.05,41929.05,16768559.82,0.0,3910.39
92,S,43343.04,43343.04,29385332.82,0.0,4013.49
93,D,41813.73,41813.73,16018638.66,0.0,3910.39
94,W,36068.58,36068.58,1639537.08,0.0,3910.4
95,L,35874.09,35874.09,1517780.35,0.0,846.46
96,I,30054.11,30054.11,150802.98,0.0,548.48
97,Y,31198.23,31198.23,237435.29,0.0,485.12
98,K,34002.17,34002.17,722224.14,0.0,455.1
99,T,33458.73,33458.73,582150.65,0.0,453.12
100,T,33880.14,33880.14,688091.94,0.0,455.93
101,D,34824.72,34824.72,1000919.81,0.0,458.75
102,H,32062.42,32062.42,334539.14,0.0,453.12
103,Y,32674.7,32674.7,426525.89,0.0,455.93
104,Q,33188.43,33188.43,522952.46,0.0,517.54
105,T,33263.26,33263.26,538711.84,0.0,520.32
106,F,32018.85,32018.85,328805.82,0.0,572.01
107,T,32270.9,32270.9,363386.63,0.0,853.16
108,K,33218.72,33218.72,529275.1,0.0,858.13
109,I,28827.45,28827.45,92694.24,0.0,848.14
110,R,29336.11,29336.11,113421.67,0.0,822.19
