state,enolase,enolase,enolase,enolase,enolase,enolase
quantity,sequence,_dG,dG,pfact,k_obs,covariance
r_number,,,,,,
2,V,44850.1,44850.1,53432081.75,0.0,1197.57
3,S,40850.1,40850.1,10929265.01,0.0,1196.49
4,K,36728.89,36728.89,2130555.93,0.0,694.0
5,V,31863.15,31863.15,309110.19,0.0,693.54
6,Y,32840.38,32840.38,455504.01,0.0,694.01
7,A,35510.1,35510.1,1313689.76,0.0,694.0
8,R,39966.16,39966.16,7696339.88,0.0,1580.84
9,S,42916.88,42916.88,24814326.35,0.0,1587.68
10,V,37180.36,37180.36,2548496.95,0.0,1580.84
11,Y,37131.51,37131.51,2499573.25,0.0,1574.15
12,D,40373.17,40373.17,9045114.91,0.0,1580.84
13,S,40605.88,40605.88,9919961.37,0.0,1580.84
14,R,41698.1,41698.1,15300389.2,0.0,1587.68
15,G,40613.75,40613.75,9950983.5,0.0,1574.15
16,N,43323.14,43323.14,29154291.54,0.0,1587.68
17,P,40452.12,,,,
18,T,37702.7,37702.7,3135336.45,0.0,1580.84
19,V,36609.17,36609.17,2031729.22,0.0,1574.15
20,E,38042.64,38042.64,3588039.64,0.0,1587.68
21,V,34540.0,34540.0,894006.94,0.0,3376.46
22,E,38055.89,38055.89,3606944.62,0.0,1085.55
23,L,35241.16,35241.16,1180738.55,0.0,1402.72
24,T,32094.19,32094.19,338783.46,0.0,1809.92
25,T,31699.0,31699.0,289620.89,0.0,1346.48
26,E,30468.94,30468.94,177781.47,0.0,946.39
27,K,26473.54,26473.54,36430.67,0.0,887.09
28,G,28078.26,28078.26,68859.69,0.0,889.31
29,V,24498.4,24498.4,16639.67,0.0,887.12
30,F,25359.72,25359.72,23418.15,0.0,888.22
31,R,30758.59,,,,
32,S,36138.15,36138.15,1685416.6,0.0,963.61
33,I,30227.63,30227.63,161550.38,0.0,963.02
34,V,27335.03,27335.03,51274.96,0.0,962.43
35,P,30147.51,,,,
36,S,32984.2,32984.2,482250.45,0.0,790.9
37,G,33787.38,33787.38,663229.42,0.0,790.87
38,A,32540.64,32540.64,404433.02,0.0,678.99
39,S,33472.26,33472.26,585284.93,0.0,611.35
40,T,32710.87,32710.87,432691.24,0.0,566.37
41,G,32639.15,32639.15,420552.47,0.0,533.94
42,V,29125.95,29125.95,104348.36,0.0,511.08
43,H,32084.31,32084.31,337457.94,0.0,487.14
44,E,33428.65,33428.65,575244.62,0.0,487.34
45,A,32042.74,32042.74,331938.26,0.0,571.73
46,L,29554.78,29554.78,123701.02,0.0,571.37
47,E,34016.57,,,,
48,M,38511.17,38511.17,4321009.1,0.0,2939.04
49,R,40540.68,40540.68,9666669.0,0.0,2939.04
50,D,41286.7,41286.7,12996245.53,0.0,2926.51
51,G,38229.72,38229.72,3864482.04,0.0,2951.68
52,D,40996.52,40996.52,11582915.91,0.0,2926.51
53,K,38171.68,38171.68,3776515.67,0.0,2951.68
54,S,42272.58,42272.58,19217110.03,0.0,2926.51
55,K,40946.95,40946.95,11357345.94,0.0,2939.04
56,W,37764.11,37764.11,3212665.73,0.0,2951.68
57,M,38741.53,38741.53,4734529.22,0.0,2939.04
58,G,39902.27,39902.27,7503723.71,0.0,2939.04
59,K,40183.24,40183.24,8388572.22,0.0,2926.51
60,G,39960.31,39960.31,7678507.91,0.0,2939.04
61,V,36361.99,36361.99,1841944.99,0.0,2939.04
62,L,35268.51,35268.51,1193617.87,0.0,2951.68
63,H,38156.43,38156.43,3753730.62,0.0,2939.04
64,A,40609.13,40609.13,9932759.15,0.0,1381.11
65,V,35448.8,35448.8,1282126.87,0.0,1374.47
66,K,38478.88,38478.88,4266016.71,0.0,1182.43
67,N,43054.68,43054.68,26208672.63,0.0,1185.07
68,V,37327.29,37327.29,2701469.53,0.0,1179.85
69,N,41554.86,41554.86,14455150.89,0.0,1182.43
70,D,41952.72,41952.72,16926799.82,0.0,1185.07
71,V,34425.14,34425.14,854184.68,0.0,1107.67
72,I,34458.15,34458.15,865442.03,0.0,1245.74
73,A,38163.37,38163.37,3764085.34,0.0,1247.85
74,P,38076.06,,,,
75,A,38086.26,38086.26,3650670.15,0.0,1706.65
76,F,38136.48,38136.48,3724138.5,0.0,1006.89
77,V,34512.3,34512.3,884236.64,0.0,5926.04
78,K,32536.95,32536.95,403840.68,0.0,1133.72
79,A,34268.65,34268.65,802763.15,0.0,1139.26
80,N,36406.61,36406.61,1874842.03,0.0,1144.84
81,I,31202.09,31202.09,237798.65,0.0,1133.73
82,D,32809.05,32809.05,449877.08,0.0,1144.85
83,V,30521.58,30521.58,181533.28,0.0,577.58
84,K,34573.3,34573.3,905897.27,0.0,577.71
85,D,36885.95,36885.95,2267543.05,0.0,577.86
86,Q,34932.43,34932.43,1044619.84,0.0,577.58
87,K,37515.18,37515.18,2910540.15,0.0,609.55
88,A,37292.6,37292.6,2664538.47,0.0,611.74
89,V,32543.1,32543.1,404826.79,0.0,613.97
90,D,36355.19,36355.19,1836975.41,0.0,609.55
91,D,36143.48,36143.48,1688984.68,0.0,613.97
92,F,36647.21,36647.21,2062623.15,0.0,1488.71
93,L,36528.65,36528.65,1967851.72,0.0,1276.19
94,I,34009.05,34009.05,724197.15,0.0,2585.48
95,S,40227.94,40227.94,8538672.26,0.0,1310.0
96,L,37808.24,37808.24,3269408.3,0.0,1122.45
97,D,38767.23,38767.23,4783055.21,0.0,1047.35
98,G,38208.26,38208.26,3831720.26,0.0,976.08
99,T,39996.81,39996.81,7790523.17,0.0,973.28
100,A,40577.19,40577.19,9807687.84,0.0,973.28
101,N,42250.98,42250.98,19053076.01,0.0,970.49
102,K,41050.78,41050.78,11834996.71,0.0,976.08
103,S,42250.98,42250.98,19053076.01,0.0,970.49
104,K,40925.41,40925.41,11260732.46,0.0,973.28
105,L,36756.02,36756.02,2153614.56,0.0,976.08
106,G,38003.56,38003.56,3532837.72,0.0,922.96
107,A,40383.09,40383.09,9080792.7,0.0,922.96
108,N,42232.36,42232.36,18912903.65,0.0,1076.37
109,A,41266.19,41266.19,12890921.25,0.0,1461.33
110,I,35172.8,35172.8,1149147.11,0.0,1380.2
111,L,34717.77,34717.77,959340.49,0.0,1383.14
112,G,38015.53,38015.53,3549643.86,0.0,1764.57
113,V,36371.21,36371.21,1848689.53,0.0,1641.65
114,S,40763.59,40763.59,10560502.16,0.0,1637.2
115,L,37822.14,37822.14,3287487.31,0.0,1641.65
116,A,38218.64,38218.64,3847534.03,0.0,2566.23
117,A,39466.24,39466.24,6311705.54,0.0,3524.21
118,S,41613.62,41613.62,14796083.39,0.0,3524.22
119,R,41662.44,41662.44,15085464.26,0.0,3456.96
120,A,40743.06,40743.06,10474824.56,0.0,3524.22
121,A,39470.84,39470.84,6323246.33,0.0,3558.79
122,A,39470.85,39470.85,6323254.04,0.0,3558.81
123,A,39476.22,39476.22,6336753.14,0.0,2081.92
124,E,38847.9,38847.9,4938610.52,0.0,2068.43
125,K,38393.68,38393.68,4124223.71,0.0,2055.28
126,N,43016.49,43016.49,25814638.71,0.0,2081.93
127,V,37279.99,37279.99,2651244.91,0.0,2068.43
128,P,35954.22,,,,
129,L,34735.54,34735.54,966125.33,0.0,2055.29
130,Y,36699.62,36699.62,2105958.47,0.0,2068.43
131,K,39543.45,39543.45,6508036.02,0.0,2068.43
132,H,40109.9,40109.9,8148024.76,0.0,2081.93
133,L,37244.49,37244.49,2614165.27,0.0,2055.28
134,A,38266.62,38266.62,3921479.08,0.0,2068.43
135,D,40047.0,40047.0,7947189.02,0.0,5424.96
136,L,35064.03,35064.03,1100611.53,0.0,4641.88
137,S,40145.91,40145.91,8265261.93,0.0,1499.05
138,K,40895.11,40895.11,11126177.65,0.0,939.56
139,S,42220.67,42220.67,18825394.71,0.0,938.15
140,K,40895.11,40895.11,11126177.65,0.0,939.56
141,T,39685.63,39685.63,6885696.12,0.0,940.98
142,S,42684.97,42684.97,22633102.72,0.0,938.15
143,P,39610.58,,,,
144,Y,36426.24,36426.24,1889495.26,0.0,939.56
145,V,35613.71,35613.71,1368818.05,0.0,939.56
146,L,35207.45,35207.45,1165052.97,0.0,939.56
147,P,34619.36,,,,
148,V,33939.93,33939.93,704607.59,0.0,940.98
149,P,35315.81,,,,
150,F,36591.05,36591.05,2017176.53,0.0,938.15
151,L,36377.5,36377.5,1853308.37,0.0,940.98
152,N,41038.55,41038.55,11777726.42,0.0,1818.84
153,V,34457.74,34457.74,865301.36,0.0,546.15
154,L,32375.93,32375.93,378848.86,0.0,554.44
155,N,36419.33,36419.33,1884321.04,0.0,500.26
156,G,36467.69,36467.69,1920830.49,0.0,500.56
157,G,35616.47,35616.47,1370316.04,0.0,499.97
158,S,37918.63,37918.63,3415774.03,0.0,500.56
159,H,36472.64,36472.64,1924603.31,0.0,500.26
160,A,35910.33,35910.33,1539763.88,0.0,500.26
161,G,34629.84,34629.84,926447.04,0.0,499.97
162,G,35606.8,35606.8,1365069.66,0.0,500.26
163,A,37608.47,37608.47,3020286.68,0.0,531.49
164,L,33067.05,33067.05,498365.86,0.0,525.38
165,A,38374.48,38374.48,4092921.11,0.0,758.28
166,L,36237.5,36237.5,1753180.57,0.0,809.94
167,Q,38708.08,38708.08,4672119.26,0.0,862.22
168,E,40092.76,40092.76,8092785.94,0.0,863.54
169,F,37293.44,37293.44,2665430.43,0.0,968.23
170,M,37452.63,37452.63,2839196.52,0.0,865.48
171,I,33317.53,33317.53,550436.15,0.0,607.41
172,A,35587.69,35587.69,1354757.88,0.0,586.95
173,P,35295.24,,,,
174,T,35101.52,35101.52,1117102.03,0.0,560.05
175,G,37873.12,37873.12,3354650.68,0.0,558.51
176,A,37873.12,37873.12,3354651.91,0.0,558.51
177,K,36668.53,36668.53,2080142.23,0.0,560.05
178,T,37171.94,37171.94,2539990.17,0.0,558.01
179,F,36751.83,36751.83,2150036.56,0.0,649.27
180,A,37290.49,37290.49,2662312.16,0.0,690.14
181,E,36288.07,36288.07,1788708.76,0.0,797.31
182,A,36216.53,36216.53,1738651.34,0.0,919.74
183,L,33917.98,33917.98,698498.05,0.0,1118.74
184,R,34162.85,,,,
185,I,34466.89,,,,
186,G,34770.94,,,,
187,S,35074.99,,,,
188,E,35379.04,,,,
189,V,35683.08,,,,
190,Y,35987.13,,,,
191,H,36291.18,,,,
192,N,36595.23,,,,
193,L,36899.28,,,,
194,K,37203.32,,,,
195,S,37507.37,,,,
196,L,37829.2,37829.2,3296712.62,0.0,3154.51
197,T,37829.2,37829.2,3296712.62,0.0,3154.51
198,K,40373.64,40373.64,9046807.18,0.0,3170.26
199,K,39927.75,39927.75,7579961.48,0.0,3139.1
200,R,40605.79,40605.79,9919626.91,0.0,3170.26
201,Y,39173.27,39173.27,5619102.81,0.0,3139.1
202,G,39570.32,39570.32,6577807.47,0.0,3154.51
203,A,40440.88,40440.88,9291400.43,0.0,3154.51
204,S,41592.43,41592.43,14672203.86,0.0,3170.26
205,A,41195.37,41195.37,12533754.66,0.0,3154.51
206,G,39289.34,39289.34,5883923.02,0.0,3139.1
207,N,43275.51,43275.51,28608518.42,0.0,3170.26
208,V,37258.03,37258.03,2628251.31,0.0,3139.1
209,G,38467.62,38467.62,4246988.85,0.0,3154.51
210,D,41012.81,41012.81,11658030.48,0.0,3170.26
211,E,37782.58,37782.58,3236290.52,0.0,3139.1
212,G,38411.37,38411.37,4153263.71,0.0,3154.51
213,G,40257.57,40257.57,8639633.74,0.0,3170.26
214,V,36387.47,36387.47,1860659.14,0.0,3139.1
215,A,38641.73,38641.73,4550730.62,0.0,3154.51
216,P,39755.67,,,,
217,N,40895.98,40895.98,11130004.58,0.0,3170.26
218,I,37083.92,37083.92,2452826.77,0.0,3139.1
219,Q,37492.44,,,,
220,T,37927.94,,,,
221,A,38363.45,,,,
222,E,38831.46,38831.46,4906509.61,0.0,1455.18
223,E,37981.05,37981.05,3501420.1,0.0,1453.05
224,A,38619.47,38619.47,4510731.06,0.0,1209.94
225,L,36140.4,36140.4,1686925.37,0.0,1208.12
226,D,38842.9,38842.9,4928821.12,0.0,1277.76
227,L,35081.86,35081.86,1108422.81,0.0,1227.24
228,I,34005.64,34005.64,723219.83,0.0,2212.65
229,V,34054.48,34054.48,737369.84,0.0,2213.12
230,D,39196.91,39196.91,5672053.05,0.0,2181.51
231,A,38378.61,38378.61,4099628.6,0.0,1589.27
232,I,35194.48,35194.48,1159073.92,0.0,1592.38
233,K,37854.96,37854.96,3330571.5,0.0,1589.27
234,A,40109.17,40109.17,8145658.69,0.0,1586.18
235,A,39421.97,39421.97,6201815.19,0.0,1589.27
236,G,39257.1,39257.1,5809134.48,0.0,1592.37
237,H,40345.84,40345.84,8947571.31,0.0,1589.27
238,D,41109.91,41109.91,12115890.65,0.0,1586.18
239,G,38213.74,38213.74,3840052.14,0.0,1592.37
240,K,40167.21,40167.21,8335395.48,0.0,1586.18
241,I,35890.93,35890.93,1527957.32,0.0,1592.38
242,K,37845.72,37845.72,3318380.12,0.0,1586.19
243,I,35890.93,35890.93,1527957.32,0.0,1592.38
244,G,37903.75,37903.75,3395675.14,0.0,1586.19
245,L,37056.8,37056.8,2426578.37,0.0,2297.18
246,D,39524.17,,,,
247,C,41993.58,41993.58,17203440.29,0.0,6341.3
248,A,42617.6,42617.6,22036132.45,0.0,3878.82
249,S,41584.39,41584.39,14625490.71,0.0,1978.58
250,S,43307.06,43307.06,28968826.34,0.0,1972.64
251,E,40531.39,40531.39,9631091.41,0.0,1975.6
252,F,37175.34,37175.34,2543423.59,0.0,1978.58
253,F,37524.86,,,,
254,K,37878.09,37878.09,3361278.81,0.0,2472.73
255,D,39030.37,39030.37,5309396.49,0.0,2465.85
256,G,36553.77,36553.77,1987556.28,0.0,2479.68
257,K,38507.28,38507.28,4314349.24,0.0,2465.85
258,Y,36900.68,36900.68,2280834.3,0.0,2479.68
259,D,38624.11,38624.11,4519029.16,0.0,2465.85
260,L,33361.71,33361.71,560168.75,0.0,2479.68
261,D,37115.14,37115.14,2483390.78,0.0,2465.85
262,F,34873.44,34873.44,1020457.34,0.0,1455.48
263,K,38214.13,38214.13,3840644.48,0.0,1205.97
264,N,41629.06,41629.06,14887014.32,0.0,1202.85
265,P,40598.5,,,,
266,N,39558.25,39558.25,6546372.36,0.0,1209.11
267,S,42093.36,42093.36,17898128.06,0.0,1202.85
268,D,40420.3,40420.3,9215820.66,0.0,1205.97
269,K,36831.8,36831.8,2219352.59,0.0,1209.11
270,S,40932.61,40932.61,11292954.98,0.0,1202.85
271,K,39607.02,39607.02,6674275.9,0.0,1205.97
272,W,36414.97,36414.97,1881065.81,0.0,1205.97
273,L,34102.74,34102.74,751623.23,0.0,1209.11
274,T,36473.0,36473.0,1924881.49,0.0,1205.97
275,G,39075.42,39075.42,5405147.57,0.0,1202.85
276,P,38073.87,,,,
277,Q,37053.38,37053.38,2423282.48,0.0,1205.97
278,L,35901.9,35901.9,1534618.71,0.0,1209.11
279,A,36879.27,36879.27,2261538.73,0.0,1205.97
280,D,38669.91,38669.91,4601902.18,0.0,1202.85
281,L,33697.79,33697.79,640067.57,0.0,1209.11
282,Y,36678.63,,,,
283,H,39729.47,39729.47,7006514.63,0.0,1430.16
284,S,42756.3,42756.3,23282728.5,0.0,1434.25
285,L,37886.17,37886.17,3372071.4,0.0,1426.12
286,M,38225.22,38225.22,3857586.33,0.0,1430.16
287,K,39906.33,39906.33,7515806.78,0.0,1711.53
288,R,40672.14,40672.14,10184185.45,0.0,1430.33
289,Y,39230.38,39230.38,5747871.3,0.0,1423.81
290,P,36476.56,,,,
291,I,33900.11,33900.11,693565.0,0.0,1417.44
292,V,34123.09,34123.09,757716.08,0.0,1423.82
293,S,40846.25,40846.25,10912551.4,0.0,1430.33
294,I,37022.16,37022.16,2393451.98,0.0,1510.78
295,E,37527.86,37527.86,2925217.01,0.0,2865.49
296,D,39203.38,39203.38,5686642.07,0.0,2926.89
297,P,37899.75,,,,
298,F,36723.64,36723.64,2126124.93,0.0,2807.85
299,A,39839.25,39839.25,7318425.9,0.0,2926.89
300,E,38871.92,38871.92,4985902.2,0.0,2807.84
301,D,39203.38,39203.38,5686642.07,0.0,2926.89
302,D,38984.28,38984.28,5213200.38,0.0,3363.11
303,W,35993.3,35993.3,1591293.44,0.0,1918.39
304,E,34803.93,34803.93,992697.72,0.0,3646.99
305,A,38537.71,38537.71,4366748.15,0.0,1894.19
306,W,37069.72,37069.72,2439041.6,0.0,15555.51
307,S,40949.01,40949.01,11366638.56,0.0,14969.76
308,H,41109.18,41109.18,12112424.32,0.0,14424.99
309,F,39163.19,39163.19,5596690.46,0.0,14969.75
310,F,33378.13,,,,
311,K,27556.46,27556.46,55983.21,0.0,1244.09
312,T,27721.31,27721.31,59766.97,0.0,1246.22
313,A,28582.61,28582.61,84113.61,0.0,1248.35
314,G,27266.27,27266.27,49894.98,0.0,1244.09
315,I,28261.24,28261.24,74044.65,0.0,3321.55
316,Q,38117.7,38117.7,3696498.24,0.0,2010.09
317,I,36387.84,36387.84,1860930.34,0.0,2028.88
318,V,34078.82,34078.82,744523.51,0.0,1989.27
319,A,38654.57,38654.57,4573984.44,0.0,1993.67
320,D,40039.03,40039.03,7922099.93,0.0,1998.14
321,D,38996.04,38996.04,5237573.39,0.0,2013.48
322,L,35102.21,35102.21,1117410.97,0.0,988.55
323,T,29731.99,29731.99,132711.18,0.0,984.37
324,V,27164.41,27164.41,47918.78,0.0,635.64
325,T,28838.1,28838.1,93086.69,0.0,636.26
326,N,34244.55,34244.55,795125.11,0.0,558.66
327,P,31439.32,,,,
328,K,28633.84,28633.84,85840.79,0.0,557.89
329,R,31400.72,31400.72,257296.77,0.0,558.66
330,I,27298.96,27298.96,50546.39,0.0,557.89
331,A,28914.56,28914.56,95953.95,0.0,558.27
332,T,29843.17,29843.17,138696.1,0.0,558.27
333,A,32455.59,32455.59,391013.61,0.0,590.12
334,I,27076.94,27076.94,46284.49,0.0,591.5
335,E,29331.89,29331.89,113232.23,0.0,590.8
336,K,30203.35,30203.35,160001.77,0.0,590.8
337,K,31768.58,31768.58,297726.66,0.0,590.8
338,A,31991.29,31991.29,325230.78,0.0,590.12
339,A,31313.72,31313.72,248567.06,0.0,591.49
340,D,31875.97,31875.97,310685.81,0.0,590.12
341,A,30260.91,30260.91,163697.55,0.0,590.8
342,L,27938.08,27938.08,65134.67,0.0,590.81
343,L,26728.71,26728.71,40311.97,0.0,591.5
344,L,34950.26,34950.26,1052036.89,0.0,918.37
345,K,38067.32,38067.32,3623345.49,0.0,1113.81
346,V,36211.45,36211.45,1735153.78,0.0,921.93
347,N,41608.54,41608.54,14766309.81,0.0,892.04
348,Q,41773.54,41773.54,15765279.71,0.0,893.43
349,I,36510.37,36510.37,1953628.64,0.0,890.68
350,G,38068.26,38068.26,3624698.39,0.0,892.04
351,T,40148.5,40148.5,8273735.88,0.0,893.43
352,L,37380.93,37380.93,2759574.27,0.0,890.68
353,S,40504.77,40504.77,9529916.7,0.0,882.77
354,E,40706.97,40706.97,10325904.66,0.0,798.81
355,S,40864.37,40864.37,10991314.42,0.0,816.25
356,I,37125.58,37125.58,2493697.52,0.0,763.99
357,K,38045.09,38045.09,3591531.29,0.0,764.84
358,A,40322.49,40322.49,8865058.31,0.0,713.13
359,A,39660.23,39660.23,6816658.34,0.0,680.69
360,Q,39999.41,39999.41,7798537.67,0.0,681.35
361,D,41384.01,41384.01,13507800.27,0.0,682.02
362,S,40755.2,40755.2,10525407.54,0.0,681.35
363,F,39999.41,39999.41,7798537.67,0.0,681.35
364,A,39610.58,,,,
365,A,39440.45,39440.45,6247457.91,0.0,5345.46
366,G,39275.37,39275.37,5851395.19,0.0,3028.36
367,W,38065.79,38065.79,3621139.72,0.0,3021.41
368,G,38627.75,38627.75,4525572.27,0.0,3035.42
369,V,36382.71,36382.71,1857142.23,0.0,3021.42
370,M,38578.92,38578.92,4438736.93,0.0,3028.36
371,V,39668.61,,,,
372,S,40746.56,40746.56,10489375.74,0.0,1419.12
373,H,41080.81,41080.81,11976845.79,0.0,1417.5
374,R,41001.3,41001.3,11604927.49,0.0,1420.76
375,S,42826.65,42826.65,23941764.2,0.0,1417.5
376,G,40978.71,40978.71,11501371.89,0.0,1419.12
377,E,39760.82,39760.82,7094217.1,0.0,1419.12
378,T,38145.92,38145.92,3738104.74,0.0,1420.76
379,E,39925.69,39925.69,7573749.95,0.0,1417.5
380,D,39124.06,39124.06,5510459.78,0.0,1419.12
381,T,37971.32,37971.32,3487938.33,0.0,1420.76
382,F,39181.92,39181.92,5638423.08,0.0,2468.67
383,I,35576.46,35576.46,1348734.85,0.0,1767.23
384,A,38171.54,38171.54,3776301.38,0.0,1197.72
385,D,40078.37,40078.37,8046704.69,0.0,1199.05
386,L,35094.28,35094.28,1113899.35,0.0,1222.42
387,V,34316.4,34316.4,818114.35,0.0,819.75
388,V,34793.89,34793.89,988753.42,0.0,666.43
389,G,38806.18,38806.18,4857547.72,0.0,530.13
390,L,37431.13,37431.13,2815088.83,0.0,529.23
391,R,39035.58,39035.58,5320386.84,0.0,542.53
392,T,40660.63,40660.63,10137789.3,0.0,542.53
393,G,40776.7,40776.7,10615568.65,0.0,542.53
394,Q,41115.99,41115.99,12145177.2,0.0,543.03
395,I,36723.02,36723.02,2125604.17,0.0,542.05
396,K,38223.06,38223.06,3854279.19,0.0,542.53
397,T,40080.25,40080.25,8052732.01,0.0,542.53
398,G,40772.23,40772.23,10596769.46,0.0,542.78
399,A,40772.23,40772.23,10596773.33,0.0,542.78
400,P,39233.33,,,,
401,A,38406.1,38406.1,4144599.03,0.0,542.05
402,R,40254.36,40254.36,8628657.9,0.0,542.53
403,S,43205.33,43205.33,27822995.26,0.0,543.03
404,E,40893.67,40893.67,11119829.22,0.0,542.53
405,R,39385.59,39385.59,6112960.84,0.0,542.53
406,L,37709.66,37709.66,3143999.57,0.0,542.05
407,A,38413.49,38413.49,4156769.39,0.0,732.8
408,K,39405.88,39405.88,6162362.95,0.0,701.73
409,L,36986.41,36986.41,2359748.54,0.0,700.29
410,N,41131.22,41131.22,12218806.5,0.0,1211.49
411,Q,41702.44,41702.44,15326768.77,0.0,1212.87
412,L,37309.92,37309.92,2682914.45,0.0,1210.13
413,L,37956.51,,,,
414,R,38693.38,38693.38,4644944.04,0.0,2847.21
415,I,36526.34,36526.34,1966046.89,0.0,2695.89
416,E,37504.68,37504.68,2898436.78,0.0,2725.19
417,E,37966.16,37966.16,3480805.48,0.0,2740.26
418,E,37966.16,37966.16,3480805.48,0.0,2740.26
419,L,34643.04,34643.04,931312.3,0.0,3774.31
420,G,35955.02,35955.02,1567308.9,0.0,245.98
421,D,38915.68,38915.68,5073231.0,0.0,245.98
422,N,39139.06,39139.06,5543354.44,0.0,251.88
423,A,35572.13,35572.13,1346421.66,0.0,798.27
424,V,29661.63,29661.63,129057.78,0.0,796.48
425,F,31509.51,31509.51,268645.68,0.0,798.28
426,A,37389.29,37389.29,2768741.16,0.0,1598.57
427,G,34556.55,34556.55,899899.64,0.0,809.62
428,E,36900.25,36900.25,2280440.61,0.0,550.49
429,N,38255.47,38255.47,3904160.79,0.0,477.99
430,F,36754.15,36754.15,2152017.72,0.0,477.95
431,H,36584.75,36584.75,2012142.43,0.0,477.91
432,H,37333.7,37333.7,2708350.46,0.0,477.99
433,G,37241.23,37241.23,2610788.68,0.0,477.91
434,D,37848.17,37848.17,3321613.74,0.0,477.99
435,K,35014.34,35014.34,1079126.11,0.0,477.95
436,L,35007.81,35007.81,1076335.15,0.0,3873.44
