state,halm2,halm2,halm2,halm2,halm2,halm2
quantity,sequence,_dG,dG,pfact,k_obs,covariance
r_number,,,,,,
2,K,26469.51,26469.51,36372.43,0.2,813.49
3,T,17073.83,17073.83,874.72,0.19,550.41
4,P,14570.76,,,,
5,L,12010.4,12010.4,117.33,0.19,552.34
6,T,15155.39,15155.39,408.62,0.19,551.02
7,S,20089.8,20089.8,2894.21,0.19,551.57
8,E,17888.03,17888.03,1208.25,0.19,550.26
9,H,15854.29,15854.29,539.19,0.19,549.22
10,P,16725.18,,,,
11,S,17534.67,17534.67,1050.2,0.19,551.85
12,V,14460.96,14460.96,310.22,0.19,549.86
13,P,14749.6,,,,
14,T,14980.85,14980.85,381.28,0.19,551.1
15,T,17534.67,17534.67,1050.2,0.19,551.85
16,L,14577.39,14577.39,324.88,0.19,549.79
17,P,15690.85,,,,
18,H,16586.94,16586.94,721.07,0.12,314.49
19,T,18754.13,18754.13,1703.69,0.12,314.31
20,N,22046.14,22046.14,6289.47,0.12,314.46
21,D,20483.3,20483.3,3383.23,0.12,314.24
22,T,16596.69,16596.69,723.86,0.12,314.23
23,D,19782.94,19782.94,2562.46,0.12,314.52
24,W,14616.12,14616.12,329.91,0.12,314.86
25,L,14036.42,14036.42,262.13,0.12,314.79
26,E,24448.92,24448.92,16316.2,0.0,1403.4
27,Q,23651.19,23651.19,11889.61,0.01,651.43
28,L,21970.1,21970.1,6102.55,0.01,651.05
29,H,22890.12,22890.12,8790.91,0.01,651.44
30,D,23729.26,23729.26,12263.65,0.02,18523.3
31,I,16434.78,16434.78,678.83,0.03,4075.44
32,L,16723.23,16723.23,761.13,0.03,19525.6
33,S,21962.21,21962.21,6083.47,0.04,2479.68
34,I,17965.07,17965.07,1245.76,0.04,805.83
35,P,16446.09,,,,
36,V,14672.29,14672.29,337.35,0.05,714.23
37,T,18910.48,18910.48,1812.72,0.05,712.73
38,E,20649.12,20649.12,3613.3,0.05,711.76
39,E,18558.44,18558.44,1576.42,0.05,756.56
40,I,14779.06,14779.06,351.94,0.06,1666.71
41,Q,19566.53,19566.53,2351.63,0.04,2502.41
42,K,21478.28,21478.28,5020.76,0.04,2495.57
43,Y,19682.65,19682.65,2462.51,0.04,2502.43
44,F,19454.45,19454.45,2249.35,0.04,2509.56
45,H,20839.05,20839.05,3896.08,0.04,2502.62
46,A,21665.77,21665.77,5408.48,0.04,2495.58
47,E,19919.83,19919.83,2705.48,0.04,2509.66
48,N,22528.95,22528.95,7617.34,0.04,2502.78
49,D,22988.23,22988.23,9139.82,0.04,2495.68
50,L,16144.63,16144.63,605.02,0.04,2507.98
51,F,18874.23,18874.23,1786.83,0.03,5289.47
52,S,22611.15,,,,
53,F,26351.68,,,,
54,F,30092.22,,,,
55,Y,33832.76,,,,
56,T,37581.79,37581.79,2988481.45,0.0,2887.5
57,P,36238.43,,,,
58,F,34916.11,34916.11,1037879.46,0.0,2885.05
59,L,34688.01,34688.01,948076.77,0.0,2882.62
60,Q,36831.35,36831.35,2218948.1,0.0,2885.05
61,F,37225.07,,,,
62,T,37637.81,37637.81,3055642.14,0.0,2574.54
63,Y,37290.43,37290.43,2662251.38,0.0,6822.44
64,Q,38331.06,38331.06,4023016.22,0.0,6790.43
65,S,40996.73,40996.73,11583892.56,0.0,6758.7
66,M,39379.78,39379.78,6098866.86,0.0,6822.44
67,S,39513.68,39513.68,6431618.91,0.0,3949.02
68,D,39054.18,39054.18,5359791.56,0.0,3947.29
69,Y,31991.6,31991.6,325270.61,0.0,3454.06
70,F,30383.45,,,,
71,M,28763.65,,,,
72,T,27143.85,,,,
73,F,25524.05,,,,
74,K,23904.25,,,,
75,T,22284.45,,,,
76,D,20664.65,,,,
77,M,19044.86,,,,
78,A,17425.06,,,,
79,L,15770.08,15770.08,521.47,0.08,977.19
80,I,13678.68,13678.68,227.44,0.08,979.03
81,E,17773.31,17773.31,1154.5,0.06,1116.2
82,R,19342.18,19342.18,2151.37,0.06,1116.01
83,Q,21372.33,21372.33,4814.09,0.06,1115.89
84,S,23051.64,23051.64,9372.68,0.06,1114.68
85,L,18120.91,18120.91,1325.21,0.06,1116.15
86,L,15904.19,15904.19,549.97,0.04,2465.49
87,Q,28455.84,,,,
88,S,41022.82,41022.82,11704424.66,0.0,1949.92
89,T,39053.59,39053.59,5358531.7,0.0,1948.11
90,L,35517.35,35517.35,1317471.79,0.0,1946.32
91,T,36133.48,36133.48,1682298.26,0.0,1263.68
92,A,38915.25,38915.25,5072353.03,0.0,1264.79
93,V,33699.94,33699.94,640613.75,0.0,1262.57
94,H,36883.24,36883.24,2265110.5,0.0,1263.68
95,H,38811.82,38811.82,4868428.3,0.0,1263.68
96,R,39334.85,39334.85,5991130.28,0.0,1264.79
97,L,35669.18,35669.18,1399274.57,0.0,1263.68
98,F,35150.87,35150.87,1139191.06,0.0,1262.57
99,H,38039.96,38039.96,3584229.1,0.0,1264.79
100,L,35512.44,35512.44,1314909.61,0.0,1262.57
101,T,36133.48,36133.48,1682298.26,0.0,1263.68
102,H,38856.51,38856.51,4955523.08,0.0,1263.68
103,R,39334.85,39334.85,5991130.28,0.0,1264.79
104,T,38589.29,38589.29,4457032.36,0.0,1948.11
105,L,35513.31,35513.31,1315362.78,0.0,1948.11
106,I,32501.6,,,,
107,S,29519.26,,,,
108,E,26536.92,,,,
109,M,23554.57,,,,
110,H,20572.23,,,,
111,I,17522.71,17522.71,1045.23,0.04,1484.18
112,D,19882.98,19882.98,2666.21,0.04,1475.57
113,K,19365.02,19365.02,2170.95,0.04,1480.06
114,L,17974.04,17974.04,1250.2,0.04,1484.33
115,T,19011.29,19011.29,1886.69,0.04,1475.43
116,V,17750.22,17750.22,1143.97,0.04,1212.46
117,G,19658.47,19658.47,2439.0,0.04,1204.91
118,L,18493.98,18493.98,1536.62,0.04,1545.52
119,N,22251.13,22251.13,6822.35,0.04,1227.43
120,G,22309.18,22309.18,6981.29,0.04,1227.43
121,S,23756.23,23756.23,12395.58,0.04,1223.51
122,T,21960.9,21960.9,6080.33,0.04,1227.42
123,P,20671.15,,,,
124,H,19173.64,19173.64,2012.21,0.04,1231.16
125,E,21100.41,21100.41,4321.76,0.04,1223.4
126,R,20225.22,20225.22,3053.96,0.04,1231.29
127,Y,20335.51,20335.51,3190.57,0.04,1227.3
128,M,21185.65,21185.65,4470.43,0.04,2049.54
129,D,22169.17,22169.17,6604.08,0.04,2039.39
130,F,18520.28,18520.28,1552.74,0.04,2058.17
131,N,24268.28,24268.28,15187.8,0.04,3295.86
132,H,27101.2,27101.2,46732.04,0.01,1055.55
133,K,26194.66,26194.66,32614.9,0.01,1056.42
134,F,24618.26,24618.26,17450.1,0.01,1057.31
135,N,28498.84,28498.84,81363.98,0.01,1055.55
136,K,26935.82,26935.82,43764.3,0.01,1056.42
137,T,25604.94,25604.94,25811.05,0.01,1057.3
138,S,28614.91,28614.91,85198.59,0.01,1055.55
139,K,26823.76,26823.76,41861.21,0.01,1057.3
140,S,28150.61,28150.61,70864.94,0.01,1055.55
141,K,26823.76,26823.76,41861.21,0.01,1057.3
142,N,28847.07,28847.07,93418.49,0.01,1055.55
143,L,23801.67,23801.67,12621.09,0.01,1056.43
144,F,22702.88,22702.88,8161.52,0.01,1057.32
145,N,29039.75,,,,
146,I,35308.22,35308.22,1212574.94,0.0,2435.06
147,Y,34789.93,34789.93,987201.09,0.0,2391.75
148,P,33423.62,,,,
149,I,32065.1,32065.1,334896.05,0.0,2043.59
150,L,32989.66,32989.66,483296.05,0.0,1895.93
151,G,36057.86,36057.86,1632578.88,0.0,22981.75
152,K,38452.36,38452.36,4221356.59,0.0,2525.78
153,L,35032.2,35032.2,1086796.92,0.0,2525.41
154,V,32425.67,32425.67,386398.87,0.0,2821.47
155,V,32827.89,32827.89,453251.68,0.0,2824.12
156,N,39730.29,39730.29,7008801.16,0.0,2826.79
157,E,38922.71,38922.71,5087391.5,0.0,2824.11
158,T,38833.51,,,,
159,L,38757.97,,,,
160,R,38682.43,,,,
161,T,38606.9,,,,
162,I,38531.36,,,,
163,N,38455.82,,,,
164,F,38380.28,,,,
165,V,38304.74,,,,
166,K,38229.2,,,,
167,K,38178.31,38178.31,3786462.09,0.0,2104.25
168,I,34197.92,34197.92,780548.88,0.0,1511.05
169,I,32170.64,32170.64,349216.1,0.0,1509.61
170,Q,36751.56,36751.56,2149811.96,0.0,1511.05
171,H,38844.3,38844.3,4931570.8,0.0,1349.74
172,Y,37303.42,37303.42,2676003.87,0.0,1347.19
173,M,37982.49,37982.49,3503428.08,0.0,1348.46
174,K,38156.61,38156.61,3753990.89,0.0,1348.46
175,D,39023.89,39023.89,5295766.08,0.0,1349.74
176,Y,31531.55,,,,
177,L,24095.19,24095.19,14179.8,0.0,5216.77
178,L,22588.09,22588.09,7798.19,0.0,5213.54
179,L,22588.09,22588.09,7798.19,0.0,5213.54
180,S,28099.9,28099.9,69453.53,0.0,5216.39
181,D,29489.52,29489.52,120539.52,0.0,5223.59
182,F,26421.09,,,,
183,F,23341.11,23341.11,10513.34,0.01,1781.05
184,K,23013.91,23013.91,9233.42,0.02,2557.01
185,E,22956.76,22956.76,9026.44,0.02,2557.0
186,K,21800.79,21800.79,5706.09,0.02,2544.98
187,D,24171.46,24171.46,14615.47,0.02,2569.08
188,L,18491.0,18491.0,1534.81,0.02,2543.81
189,R,25070.3,25070.3,20877.79,0.01,1493.02
190,L,23743.43,23743.43,12332.77,0.01,1493.08
191,T,24203.72,24203.72,14803.74,0.01,1493.06
192,N,24634.19,24634.19,17560.69,0.04,672.73
193,L,18830.07,18830.07,1755.8,0.05,546.36
194,Q,17276.74,17276.74,948.05,0.11,349.86
195,L,16190.87,16190.87,616.22,0.1,331.96
196,G,16732.14,16732.14,763.83,0.11,359.44
197,V,15428.98,15428.98,455.47,0.1,345.62
198,G,17517.22,17517.22,1042.96,0.1,345.42
199,D,20574.39,20574.39,3507.73,0.08,351.74
200,T,17563.23,17563.23,1062.17,0.08,352.06
201,H,20104.49,20104.49,2911.13,0.08,351.75
202,V,16064.73,16064.73,586.14,0.08,352.24
203,N,21038.03,21038.03,4216.12,0.08,351.73
204,G,20693.52,20693.52,3677.5,0.08,351.82
205,Q,20349.0,20349.0,3207.68,0.08,351.91
206,C,23766.1,23766.1,12444.24,0.08,351.69
207,V,18008.94,18008.94,1267.63,0.08,526.37
208,T,20029.13,20029.13,2825.38,0.03,2789.0
209,I,34628.75,34628.75,926046.4,0.0,2127.28
210,L,32866.24,32866.24,460201.67,0.0,1056.0
211,T,35938.14,35938.14,1556845.53,0.0,1057.5
212,F,37326.96,37326.96,2701110.62,0.0,1059.0
213,A,24679.29,24679.29,17877.72,0.01,3249.37
214,S,26551.11,26551.11,37569.26,0.01,3374.51
215,G,25974.76,25974.76,29890.04,0.01,3365.15
216,Q,25742.61,25742.61,27259.96,0.01,3365.1
217,K,25336.33,25336.33,23201.84,0.01,3365.0
218,V,21041.09,21041.09,4221.25,0.01,3362.03
219,V,19535.69,19535.69,2323.04,0.01,3350.02
220,Y,22027.92,22027.92,6244.15,0.01,3363.21
221,K,24461.68,24461.68,16399.04,0.01,3373.98
222,P,24014.87,,,,
223,R,23483.06,23483.06,11122.43,0.01,3355.18
224,S,27827.96,27827.96,62350.1,0.01,3374.68
225,L,22786.54,22786.54,8436.99,0.01,3354.74
226,S,25332.28,25332.28,23164.65,0.01,3374.26
227,I,21911.82,21911.82,5963.07,0.01,3363.09
228,D,21687.75,21687.75,5455.85,0.02,2335.7
229,K,36219.43,36219.43,1740653.09,0.0,1833.45
230,Q,38535.55,38535.55,4363019.88,0.0,1836.94
231,F,37474.67,37474.67,2864133.96,0.0,2793.48
232,G,37876.89,37876.89,3359670.95,0.0,2795.9
233,E,38047.85,38047.85,3595464.45,0.0,2798.34
234,F,35441.11,35441.11,1278217.98,0.0,2795.91
235,I,27549.17,,,,
236,E,19648.79,19648.79,2429.64,0.03,11257.27
237,W,18372.18,18372.18,1464.13,0.03,11165.25
238,V,16922.19,16922.19,823.65,0.03,10870.21
239,N,23653.27,23653.27,11899.46,0.03,11371.49
240,S,25622.61,25622.61,25992.6,0.03,11521.47
241,K,23130.89,23130.89,9672.06,0.03,11364.64
242,G,22144.13,22144.13,6538.8,0.03,11347.17
243,F,21219.41,21219.41,4530.71,0.03,11190.55
244,Q,22318.27,22318.27,7006.52,0.03,11350.76
245,P,22369.15,,,,
246,S,22372.27,22372.27,7158.25,0.03,11484.35
247,L,20000.29,20000.29,2793.23,0.03,11144.53
248,R,20235.31,20235.31,3066.21,0.04,3003.68
249,I,23790.39,23790.39,12564.72,0.0,1879.03
250,P,23595.96,,,,
251,I,23209.23,23209.23,9977.4,0.0,1036.76
252,A,27500.14,27500.14,54746.14,0.0,976.64
253,I,27715.26,27715.26,59623.83,0.0,4076.58
254,D,25304.75,25304.75,22912.96,0.0,1513.05
255,R,25475.37,25475.37,24517.69,0.0,1514.39
256,Q,29133.38,29133.38,104656.25,0.0,995.11
257,T,28266.88,28266.88,74210.59,0.0,994.25
258,Y,27110.2,27110.2,46899.14,0.0,993.39
259,G,27624.39,27624.39,57512.45,0.0,995.12
260,W,26119.46,26119.46,31656.16,0.0,994.27
261,Y,24062.12,24062.12,13994.98,0.0,2728.56
262,E,26324.36,26324.36,34337.02,0.0,6500.14
263,F,22852.49,22852.49,8660.64,0.01,992.29
264,I,21229.45,21229.45,4548.79,0.01,987.36
265,P,22460.25,,,,
266,H,23658.58,23658.58,11924.53,0.01,992.3
267,Q,26574.6,26574.6,37921.01,0.01,997.17
268,E,25637.58,25637.58,26147.45,0.01,992.3
269,A,24245.51,24245.51,15051.19,0.01,992.3
270,T,21589.37,21589.37,5247.0,0.02,1426.06
271,S,25296.02,25296.02,22833.72,0.02,1417.86
272,E,23095.4,23095.4,9536.83,0.02,1422.03
273,D,21767.77,21767.77,5631.82,0.02,2108.12
274,E,35976.88,35976.88,1580957.09,0.0,2209.68
275,I,32599.11,32599.11,413923.97,0.0,2843.14
276,E,35776.55,35776.55,1460166.55,0.0,1388.11
277,R,37344.45,37344.45,2719919.67,0.0,1388.11
278,Y,37454.7,37454.7,2841536.37,0.0,1389.56
279,Y,36465.0,36465.0,1918779.58,0.0,1561.54
280,S,40171.33,40171.33,8349015.58,0.0,1564.99
281,R,39943.21,39943.21,7626587.67,0.0,1563.26
282,I,34781.92,34781.92,984067.44,0.0,1561.54
283,G,36228.82,36228.82,1747149.5,0.0,1563.26
284,G,38546.28,38546.28,4381625.17,0.0,1565.0
285,Y,37135.78,37135.78,2503816.07,0.0,2067.85
286,L,34661.38,34661.38,938114.02,0.0,1596.2
287,A,36483.77,36483.77,1933121.05,0.0,2529.41
288,I,33473.91,33473.91,585667.83,0.0,2524.53
289,A,36367.7,36367.7,1846116.23,0.0,2529.41
290,Y,36139.59,36139.59,1686379.99,0.0,2526.96
291,L,29213.91,29213.91,108053.84,0.0,3583.17
292,F,25031.29,25031.29,20557.19,0.0,5367.16
293,G,26048.09,26048.09,30772.41,0.01,987.74
294,A,26856.58,26856.58,42409.85,0.01,992.52
295,T,25471.75,25471.75,24482.54,0.01,982.89
296,D,27611.84,27611.84,57226.76,0.01,992.52
297,L,21464.03,21464.03,4992.46,0.01,987.85
298,H,20062.5,20062.5,2863.04,0.03,4521.14
299,L,19097.57,19097.57,1952.39,0.03,4582.19
300,D,22155.29,,,,
301,N,25203.09,,,,
302,L,28250.89,,,,
303,I,31298.69,,,,
304,A,34340.86,34340.86,826093.39,0.0,7443.97
305,C,39927.22,39927.22,7578367.57,0.0,5142.54
306,G,39201.94,39201.94,5683390.75,0.0,3159.61
307,E,36533.12,36533.12,1971343.13,0.0,3159.62
308,H,35252.47,35252.47,1186047.12,0.0,3159.62
309,P,34999.52,,,,
310,M,34733.06,34733.06,965177.4,0.0,3159.62
311,L,33456.24,33456.24,581576.5,0.0,3159.62
312,I,32432.49,,,,
313,D,31401.99,,,,
314,L,30371.48,,,,
315,E,29340.98,,,,
316,T,28310.47,,,,
317,L,27279.97,,,,
318,F,26249.46,,,,
319,T,25218.96,,,,
320,N,24181.56,24181.56,14674.11,0.05,3274.6
321,D,22615.15,22615.15,7882.36,0.05,3274.63
322,L,15766.85,15766.85,520.8,0.05,3280.67
323,D,19538.42,19538.42,2325.55,0.05,3274.8
324,C,22727.76,22727.76,8242.48,0.05,3269.59
325,Y,22706.32,,,,
326,D,22673.95,,,,
327,S,22641.58,,,,
328,A,22609.2,,,,
329,F,22576.83,,,,
330,P,22544.45,,,,
331,F,22512.08,,,,
332,P,22479.71,,,,
333,A,22447.33,,,,
334,L,22414.96,,,,
335,A,22382.58,,,,
336,R,22353.48,22353.48,7105.1,0.03,7219.8
337,E,22520.43,22520.43,7591.62,0.03,7279.46
338,L,17652.31,17652.31,1100.38,0.03,7222.82
339,T,20259.64,20259.64,3095.95,0.03,7250.29
340,Q,23394.23,23394.23,10737.26,0.03,7249.4
341,S,25189.46,25189.46,21888.55,0.03,7279.13
342,V,19566.98,19566.98,2352.05,0.03,7220.92
343,F,19675.01,19675.01,2455.05,0.03,7280.52
344,G,18692.69,,,,
345,T,17691.67,17691.67,1117.7,0.17,878.33
346,L,14905.37,14905.37,370.03,0.17,877.73
347,M,15828.05,15828.05,533.6,0.17,881.04
348,L,14377.48,14377.48,300.11,0.17,880.17
349,P,13144.72,,,,
350,I,11851.95,11851.95,110.19,0.14,515.97
351,T,15683.64,15683.64,503.89,0.15,472.61
352,I,14365.66,14365.66,298.71,0.15,436.72
353,A,16195.57,16195.57,617.37,0.14,399.95
354,S,19799.72,19799.72,2579.58,0.14,370.73
355,G,19222.92,19222.92,2051.94,0.14,370.27
356,K,18409.96,18409.96,1486.24,0.14,370.32
357,L,14981.24,14981.24,381.34,0.14,370.88
358,L,13514.05,13514.05,213.06,0.11,585.6
359,D,17693.58,17693.58,1118.55,0.1,808.17
360,I,16385.19,,,,
361,D,15039.33,15039.33,390.23,0.28,1649.55
362,L,11366.42,11366.42,90.88,0.28,1654.03
363,S,16724.79,16724.79,761.61,0.28,1647.64
364,A,17982.96,17982.96,1254.63,0.24,806.62
365,V,12169.25,12169.25,124.97,0.24,805.47
366,G,15407.33,15407.33,451.57,0.22,610.49
367,G,17209.29,17209.29,923.02,0.22,609.89
368,G,18158.17,18158.17,1344.95,0.15,321.38
369,K,18103.81,18103.81,1316.25,0.15,320.83
370,G,17871.49,17871.49,1200.36,0.15,320.85
371,V,14270.83,14270.83,287.68,0.15,320.94
372,Q,16883.94,16883.94,811.25,0.15,320.95
373,S,20654.85,20654.85,3621.51,0.15,321.27
374,E,18972.58,18972.58,1857.93,0.13,269.08
375,K,16766.46,16766.46,774.3,0.13,269.22
376,I,14326.25,14326.25,294.07,0.12,269.36
377,K,16299.82,16299.82,643.44,0.13,269.27
378,T,18158.72,18158.72,1345.24,0.13,269.12
379,W,18456.35,,,,
380,V,18509.04,,,,
381,I,18561.73,,,,
382,V,18614.42,,,,
383,N,18667.11,,,,
384,Q,18719.81,,,,
385,K,18772.5,,,,
386,T,18825.19,,,,
387,D,18877.88,,,,
388,E,18930.57,,,,
389,M,18983.26,,,,
390,K,19010.2,19010.2,1885.87,0.09,1048.93
391,L,15935.1,15935.1,556.75,0.09,1049.66
392,V,13319.33,13319.33,197.22,0.09,1051.9
393,E,16391.93,16391.93,667.39,0.13,446.24
394,Q,17318.64,17318.64,963.94,0.13,446.57
395,P,16181.83,,,,
396,Y,14879.15,14879.15,366.2,0.13,446.67
397,V,14068.04,14068.04,265.44,0.13,446.53
398,T,16623.49,16623.49,731.6,0.13,446.19
399,E,18363.25,18363.25,1458.95,0.13,446.45
400,S,18144.37,18144.37,1337.61,0.19,758.89
401,S,21252.92,21252.92,4591.34,0.15,463.18
402,Q,19460.99,19460.99,2255.2,0.15,461.63
403,N,21369.02,21369.02,4807.77,0.15,463.18
404,K,18992.59,18992.59,1872.74,0.15,462.48
405,P,17337.25,,,,
406,T,15564.66,15564.66,480.66,0.15,463.06
407,V,14463.09,14463.09,310.48,0.15,462.67
408,N,19395.15,19395.15,2197.06,0.15,463.27
409,G,19050.65,19050.65,1916.39,0.15,462.48
410,K,18125.38,18125.38,1327.57,0.15,461.74
411,E,18228.69,18228.69,1383.11,0.11,356.17
412,A,17307.83,17307.83,959.82,0.11,355.78
413,N,21014.67,21014.67,4177.22,0.11,356.05
414,I,16889.29,16889.29,812.97,0.07,578.38
415,G,17756.73,17756.73,1146.93,0.07,577.95
416,N,23093.98,23093.98,9531.47,0.07,577.38
417,Y,19556.91,19556.91,2342.68,0.07,577.8
418,I,15319.83,15319.83,436.17,0.07,578.75
419,P,16676.46,,,,
420,H,17806.14,17806.14,1169.63,0.07,577.64
421,V,16321.54,16321.54,649.01,0.07,578.49
422,T,18047.13,18047.13,1286.98,0.07,577.92
423,D,21005.08,21005.08,4161.37,0.07,577.43
424,G,18048.45,18048.45,1287.65,0.07,577.92
425,F,17844.6,17844.6,1187.62,0.11,600.79
426,R,19968.52,,,,
427,K,22041.6,,,,
428,M,24114.68,,,,
429,Y,26187.76,,,,
430,R,28260.84,,,,
431,L,30333.92,,,,
432,F,32407.01,,,,
433,L,34480.09,,,,
434,N,36553.17,,,,
435,E,38621.52,38621.52,4514391.78,0.0,7397.69
436,I,32304.43,32304.43,368253.04,0.0,7406.31
437,D,36648.1,36648.1,2063355.8,0.0,7397.7
438,E,35725.01,35725.01,1430612.74,0.0,7401.99
439,L,33174.99,33174.99,520171.65,0.0,7406.3
440,M,36418.0,36418.0,1883332.09,0.0,4374.98
441,D,38910.86,38910.86,5063524.44,0.0,7840.9
442,H,36593.29,36593.29,2018967.34,0.0,7734.47
443,N,41651.2,41651.2,15018356.3,0.0,7840.9
444,G,39378.45,39378.45,6095652.96,0.0,7787.09
445,P,35716.09,,,,
446,I,32069.78,32069.78,335518.25,0.0,7734.57
447,F,34967.61,34967.61,1059302.25,0.0,7787.12
448,A,38039.54,38039.54,3583628.93,0.0,7840.91
449,F,34607.85,34607.85,918402.2,0.0,3666.5
450,E,26561.19,26561.19,37719.85,0.0,10480.17
451,S,28125.07,28125.07,70150.62,0.0,10319.57
452,C,32181.88,32181.88,350776.74,0.0,10162.22
453,Q,30386.76,30386.76,172078.54,0.0,10322.28
454,I,25555.98,25555.98,25314.5,0.0,4703.52
455,R,29328.34,29328.34,113072.8,0.0,1652.16
456,H,31408.91,31408.91,258134.87,0.0,1650.93
457,V,27256.38,27256.38,49699.56,0.0,1653.42
458,F,27993.47,27993.47,66581.8,0.0,1652.18
459,R,31011.44,31011.44,220475.33,0.0,1652.15
460,A,31471.67,31471.67,264642.99,0.0,1650.93
461,T,29796.71,29796.71,136162.88,0.0,1653.38
462,H,31292.84,31292.84,246516.85,0.0,1650.93
463,V,27256.38,27256.38,49699.56,0.0,1653.42
464,Y,28953.9,28953.9,97463.03,0.0,3120.73
465,A,30953.81,30953.81,215492.03,0.0,4085.54
466,K,30435.52,30435.52,175440.04,0.0,4093.63
467,F,29971.22,29971.22,145924.5,0.0,4093.64
468,L,25034.19,,,,
469,E,20050.35,20050.35,2849.27,0.03,2879.82
470,A,29422.07,29422.07,117356.72,0.0,1822.32
471,S,26618.73,26618.73,38590.87,0.01,1300.55
472,T,29633.33,29633.33,127617.03,0.0,774.61
473,H,29400.45,29400.45,116354.28,0.0,773.6
474,P,27565.34,,,,
475,D,25418.23,25418.23,23968.15,0.0,1437.42
476,Y,23619.53,23619.53,11741.23,0.0,1437.29
477,L,17104.3,17104.3,885.36,0.05,838.5
478,Q,19149.38,19149.38,1992.94,0.05,712.09
479,E,20539.67,20539.67,3459.75,0.05,710.99
480,P,19520.02,,,,
481,T,18224.27,18224.27,1380.68,0.05,713.19
482,R,21645.7,21645.7,5365.58,0.05,712.02
483,R,21761.79,21761.79,5618.49,0.05,712.02
484,N,24137.58,24137.58,14420.34,0.05,710.94
485,K,21645.7,21645.7,5365.58,0.05,712.02
486,L,17418.73,17418.73,1002.99,0.05,764.45
487,F,18026.58,,,,
488,E,18510.44,,,,
489,S,18994.29,,,,
490,F,19478.15,,,,
491,W,19962.01,,,,
492,N,20427.74,20427.74,3309.46,0.11,1163.51
493,I,15846.94,15846.94,537.62,0.11,1163.36
494,T,16482.37,16482.37,691.77,0.11,1163.76
495,S,21530.71,21530.71,5126.3,0.11,1163.41
496,L,16602.63,16602.63,725.57,0.11,1162.92
497,M,16947.27,16947.27,831.89,0.11,1163.54
498,A,26527.77,26527.77,37223.05,0.01,2970.9
499,P,24817.06,,,,
500,F,23081.96,23081.96,9486.13,0.01,1627.7
501,K,25979.95,25979.95,29951.65,0.01,1626.49
502,K,26324.13,26324.13,34333.92,0.01,1625.46
503,I,22323.33,22323.33,7020.6,0.01,1626.76
504,V,20469.81,20469.81,3365.17,0.01,1628.17
505,P,22453.77,,,,
506,H,24408.15,24408.15,16054.42,0.01,1626.56
507,E,26338.37,26338.37,34528.49,0.01,1625.46
508,I,20557.39,20557.39,3484.16,0.01,1755.26
509,A,24324.53,24324.53,15530.54,0.01,1753.61
510,E,25021.91,25021.91,20480.85,0.01,1753.57
511,L,25927.57,25927.57,29335.61,0.0,1736.23
512,E,32852.34,32852.34,457670.79,0.0,5592.3
513,N,39657.32,39657.32,6808798.25,0.0,3028.73
514,H,39480.74,39480.74,6348135.05,0.0,3031.39
515,D,39383.49,39383.49,6107858.22,0.0,3031.39
516,I,32410.27,32410.27,384045.12,0.0,3034.06
517,P,33569.37,,,,
518,Y,34726.4,34726.4,962630.13,0.0,3031.39
519,F,35369.93,35369.93,1242628.09,0.0,3369.51
520,V,34165.04,,,,
521,L,32947.94,,,,
522,T,31730.85,,,,
523,C,30511.66,30511.66,180820.12,0.01,3569.85
524,G,28770.52,28770.52,90624.24,0.01,3569.88
525,G,26169.14,26169.14,32286.28,0.01,2106.47
526,T,25936.98,25936.98,29445.35,0.01,2106.47
527,I,22280.35,22280.35,6901.9,0.01,2106.8
528,V,19962.36,19962.36,2751.52,0.01,2108.49
529,K,24311.86,24311.86,15452.67,0.01,2106.57
530,D,26630.15,26630.15,38766.06,0.01,2105.42
531,G,24143.1,24143.1,14451.92,0.01,2107.62
532,Y,24776.18,24776.18,18578.39,0.01,2106.53
533,G,25472.67,25472.67,24491.41,0.01,2106.49
534,R,26807.57,26807.57,41593.07,0.01,2106.44
535,D,27210.54,27210.54,48803.83,0.01,2105.4
536,I,25637.89,,,,
537,A,24053.07,,,,
538,D,22468.26,,,,
539,L,20883.44,,,,
540,F,19293.78,19293.78,2110.45,0.03,11287.12
541,Q,27918.51,27918.51,64630.72,0.0,2241.48
542,S,30530.21,30530.21,182155.95,0.0,2241.45
543,S,31110.59,31110.59,229321.01,0.0,2241.45
544,C,32557.47,32557.47,407142.73,0.0,2242.13
545,I,31303.37,31303.37,247548.86,0.0,3110.14
546,E,19632.72,19632.72,2414.21,0.03,4654.18
547,R,21193.0,21193.0,4483.48,0.03,4769.22
548,V,18632.9,18632.9,1623.69,0.03,2937.81
549,T,20196.56,20196.56,3019.43,0.03,2954.54
550,H,22513.82,22513.82,7571.75,0.03,2952.24
551,R,22992.19,22992.19,9154.21,0.03,2972.28
552,L,19329.71,19329.71,2140.75,0.03,2936.11
553,Q,20544.89,20544.89,3466.92,0.03,2954.05
554,Q,22920.8,22920.8,8898.57,0.03,2972.32
555,L,19213.58,19213.58,2044.35,0.03,2936.36
556,G,20022.39,20022.39,2817.83,0.03,2954.82
557,S,24545.98,24545.98,16956.76,0.03,2971.7
558,E,22519.44,22519.44,7588.65,0.03,2952.24
559,D,21102.72,21102.72,4325.72,0.03,1843.47
560,E,20231.65,20231.65,3061.76,0.03,3448.52
561,A,29374.28,29374.28,115152.3,0.0,918.65
562,R,34652.93,34652.93,934975.06,0.0,505.9
563,Q,35890.28,35890.28,1527563.19,0.0,508.38
564,I,33583.2,33583.2,611619.88,0.0,8948.92
565,R,35499.07,35499.07,1307954.82,0.0,4547.21
566,Y,36075.39,36075.39,1643971.65,0.0,4536.41
567,I,30446.19,30446.19,176184.27,0.0,4757.4
568,K,32821.68,32821.68,452137.39,0.0,4763.48
569,S,37232.52,37232.52,2601783.77,0.0,4763.44
570,S,38273.14,38273.14,3931634.03,0.0,4769.57
571,L,32763.64,32763.64,441845.47,0.0,4763.48
572,A,24706.61,,,,
573,T,16554.99,16554.99,711.99,0.18,398.42
574,L,14756.15,14756.15,348.76,0.18,397.95
575,T,15334.11,15334.11,438.64,0.18,398.71
576,N,20964.78,20964.78,4095.36,0.18,399.01
577,G,18646.23,18646.23,1632.3,0.18,398.17
578,D,18530.84,18530.84,1559.26,0.18,398.18
579,W,13534.4,13534.4,214.79,0.18,398.52
580,T,15915.61,15915.61,552.47,0.18,398.56
581,P,16882.06,,,,
582,S,17716.98,17716.98,1128.98,0.18,398.26
583,H,18637.67,18637.67,1626.77,0.18,399.12
584,E,17440.79,17440.79,1011.81,0.18,398.29
585,K,15863.09,15863.09,541.07,0.18,397.62
586,T,17248.42,17248.42,937.46,0.18,399.27
587,P,16446.17,,,,
588,M,15512.42,15512.42,470.8,0.18,397.71
589,S,19745.63,19745.63,2524.81,0.18,399.05
590,P,17723.87,,,,
591,A,15570.57,15570.57,481.79,0.18,397.69
592,S,19106.95,19106.95,1959.67,0.18,399.09
593,A,18704.3,18704.3,1670.34,0.18,398.17
594,D,17672.11,17672.11,1109.06,0.17,439.65
595,R,19158.06,19158.06,1999.81,0.06,325.7
596,E,20372.97,20372.97,3238.33,0.06,325.31
597,D,19449.57,19449.57,2245.0,0.06,325.69
598,G,18523.2,18523.2,1554.53,0.06,326.09
599,Y,19156.75,19156.75,1998.77,0.06,325.7
600,F,19921.23,19921.23,2706.99,0.04,1207.16
601,L,34546.83,34546.83,896435.52,0.0,5436.22
602,R,36964.96,36964.96,2339753.81,0.0,2104.46
603,E,38354.72,38354.72,4060963.15,0.0,2107.53
604,A,36854.72,36854.72,2239621.28,0.0,2101.42
605,Q,38086.27,38086.27,3650678.04,0.0,1619.33
606,A,38894.75,38894.75,5031279.03,0.0,1621.46
607,I,33505.35,33505.35,593018.24,0.0,1617.22
608,G,36229.07,36229.07,1747323.83,0.0,1619.33
609,D,39301.77,39301.77,5913005.17,0.0,1621.46
610,D,37275.81,37275.81,2646848.34,0.0,1619.33
611,I,32449.61,32449.61,390086.7,0.0,1811.35
612,L,33024.64,33024.64,490049.59,0.0,1813.39
613,A,35756.75,35756.75,1448740.11,0.0,1618.95
614,Q,37319.71,37319.71,2693352.35,0.0,1693.37
615,L,30784.08,,,,
616,I,24204.56,24204.56,14808.68,0.0,1516.17
617,W,30766.21,30766.21,200035.2,0.0,1230.58
618,E,33204.68,33204.68,526335.43,0.0,1230.57
619,D,34188.9,34188.9,777760.52,0.0,1230.38
620,D,34018.37,34018.37,726881.39,0.0,1230.57
621,R,33905.61,33905.61,695078.78,0.0,1230.77
622,H,35690.6,35690.6,1411218.42,0.0,1230.38
623,A,35596.66,35596.66,1359588.65,0.0,1230.57
624,A,34480.61,34480.61,873188.64,0.0,1230.57
625,Y,32913.6,32913.6,468929.61,0.0,1230.57
626,L,28985.98,28985.98,98711.6,0.0,2377.87
627,I,23952.85,,,,
628,G,18865.7,18865.7,1780.8,0.05,2071.69
629,V,17301.54,17301.54,957.42,0.05,2075.57
630,S,21734.39,21734.39,5557.74,0.05,1698.72
631,V,18084.67,18084.67,1306.29,0.05,1705.71
632,G,19416.27,19416.27,2215.54,0.05,1702.21
633,M,21332.09,21332.09,4737.84,0.05,1702.24
634,N,23677.36,23677.36,12013.72,0.05,1522.88
635,E,21000.16,21000.16,4153.25,0.06,1342.68
636,A,20374.41,20374.41,3240.19,0.03,3553.47
637,V,17533.49,17533.49,1049.71,0.03,3024.95
638,T,20722.02,20722.02,3719.32,0.02,1805.61
639,V,19046.37,19046.37,1913.13,0.02,1790.55
640,S,23276.09,23276.09,10245.61,0.02,1805.44
641,P,20243.31,,,,
642,L,17187.76,17187.76,915.17,0.02,1791.13
643,T,20319.68,20319.68,3170.59,0.02,1797.98
644,P,20360.09,,,,
645,G,20373.7,20373.7,3239.27,0.02,1805.65
646,I,18697.96,18697.96,1666.14,0.02,1790.62
647,Y,19042.34,19042.34,1910.07,0.02,1798.19
648,D,22812.5,22812.5,8524.31,0.02,1805.46
649,G,20731.4,20731.4,3733.2,0.02,1790.28
650,T,22521.52,22521.52,7594.92,0.02,1805.48
651,L,19743.14,19743.14,2522.32,0.02,1790.42
652,G,20314.83,20314.83,3164.5,0.03,2902.84
653,I,21950.03,,,,
654,V,23568.98,,,,
655,L,25187.93,,,,
656,F,26806.87,,,,
657,F,28425.82,,,,
658,D,30017.66,30017.66,148638.16,0.0,2672.73
659,Q,28397.21,28397.21,78148.63,0.0,2673.04
660,L,26890.95,26890.95,42992.13,0.0,2673.37
661,A,27873.56,27873.56,63488.4,0.0,2673.06
662,Q,29440.58,29440.58,118221.78,0.0,2673.01
663,Q,30601.34,30601.34,187369.48,0.0,2672.99
664,T,32646.58,32646.58,421792.77,0.0,2570.7
665,G,32874.67,32874.67,461743.91,0.0,2564.07
666,E,32241.21,32241.21,359131.75,0.0,2570.7
667,T,30621.1,30621.1,188844.48,0.0,2577.41
668,H,32986.03,32986.03,482600.25,0.0,2564.07
669,Y,31445.18,31445.18,261876.07,0.0,2577.41
670,R,32646.58,32646.58,421792.77,0.0,2570.7
671,H,33102.1,33102.1,505344.55,0.0,2564.07
672,A,33008.14,33008.14,486853.78,0.0,2570.7
673,A,31896.14,31896.14,313182.01,0.0,2577.4
674,D,32473.22,32473.22,393757.55,0.0,2570.7
675,A,34733.26,34733.26,965254.08,0.0,4312.03
676,L,32414.51,32414.51,384691.91,0.0,4334.33
677,L,30252.85,,,,
678,E,28109.53,,,,
679,G,25966.21,,,,
680,M,23822.88,,,,
681,F,21679.56,,,,
682,K,19493.23,19493.23,2284.23,0.07,927.47
683,Q,20530.71,20530.71,3447.47,0.07,834.38
684,L,17286.79,17286.79,951.84,0.07,836.0
685,K,18033.93,18033.93,1280.26,0.07,834.59
686,P,17810.92,,,,
687,E,17457.97,17457.97,1018.73,0.07,835.32
688,L,15254.15,15254.15,424.95,0.07,836.57
689,M,18212.17,18212.17,1374.07,0.07,835.21
690,P,19291.29,,,,
691,S,20244.44,20244.44,3077.34,0.07,835.04
692,S,23375.01,23375.01,10655.69,0.07,834.29
693,A,21231.33,21231.33,4552.17,0.07,834.99
694,Y,19980.32,19980.32,2771.19,0.03,5564.01
695,F,30662.96,30662.96,192006.88,0.0,6757.23
696,G,37860.37,37860.37,3337734.09,0.0,21470.92
697,L,35326.92,35326.92,1221604.14,0.0,4741.8
698,G,36309.51,36309.51,1803988.61,0.0,4759.86
699,S,40832.38,40832.38,10852684.33,0.0,4778.17
700,L,36077.36,36077.36,1645257.08,0.0,4759.87
701,F,35089.78,35089.78,1111912.79,0.0,4887.48
702,Y,34915.18,,,,
703,G,34752.67,,,,
704,L,34590.17,,,,
705,M,34427.67,,,,
706,V,34258.36,34258.36,799491.29,0.0,3579.44
707,L,33507.92,33507.92,593623.95,0.0,3578.93
708,G,36285.55,36285.55,1786921.1,0.0,2470.6
709,L,35301.67,35301.67,1209428.76,0.0,719.96
710,Q,36806.59,36806.59,2197262.88,0.0,721.07
711,R,38606.84,38606.84,4488177.78,0.0,1357.5
712,S,40401.94,40401.94,9148941.14,0.0,1357.5
713,D,39304.04,39304.04,5918340.06,0.0,1357.5
714,S,38089.87,38089.87,3655906.04,0.0,1357.5
715,H,38656.1,38656.1,4576749.2,0.0,1357.5
716,I,33861.12,33861.12,682918.38,0.0,1357.5
717,I,31414.26,31414.26,258682.93,0.0,1357.51
718,Q,35995.16,35995.16,1592464.94,0.0,1357.5
719,K,37571.85,37571.85,2976722.77,0.0,7821.89
720,A,37343.75,37343.75,2719170.44,0.0,7762.13
721,Y,34069.67,34069.67,741825.42,0.0,2859.15
722,E,35285.31,35285.31,1201603.5,0.0,2845.88
723,Y,35522.75,,,,
724,L,35711.9,,,,
725,K,35901.05,,,,
726,H,36090.19,,,,
727,L,36279.34,,,,
728,E,36468.48,,,,
729,E,36657.63,,,,
730,C,36846.78,,,,
731,V,37035.92,,,,
732,Q,37222.75,37222.75,2591718.92,0.0,3412.78
733,H,38780.99,38780.99,4809242.27,0.0,3409.74
734,E,38165.59,38165.59,3767403.01,0.0,3412.78
735,E,36184.82,36184.82,1716914.63,0.0,3415.83
736,T,36412.02,36412.02,1878867.81,0.0,3412.78
737,P,36645.97,,,,
738,D,36871.23,36871.23,2254343.38,0.0,3409.74
739,F,35254.84,35254.84,1187164.98,0.0,3415.83
740,V,37138.67,,,,
741,S,39076.97,39076.97,5408473.5,0.0,1455.68
742,G,39305.09,39305.09,5920794.6,0.0,1457.09
743,L,35366.61,35366.61,1240992.45,0.0,1454.27
744,S,38670.71,38670.71,4603357.37,0.0,1455.68
745,G,39305.09,39305.09,5920794.6,0.0,1457.09
746,V,34666.13,34666.13,939884.11,0.0,1455.68
747,L,33555.34,33555.34,604898.82,0.0,1644.3
748,Y,34923.59,34923.59,1040962.96,0.0,2351.68
749,M,37964.52,37964.52,3478540.69,0.0,1535.91
750,L,34992.75,34992.75,1069919.83,0.0,2024.96
751,T,36092.63,36092.63,1655254.57,0.0,4423.14
752,K,38642.23,38642.23,4551640.71,0.0,4472.89
753,I,34181.44,34181.44,775463.71,0.0,4374.99
754,Y,34815.81,34815.81,997389.1,0.0,4423.15
755,Q,38347.47,38347.47,4049304.19,0.0,3780.73
756,L,35511.74,35511.74,1314544.5,0.0,3849.3
757,T,36088.07,36088.07,1652257.78,0.0,3814.68
758,N,41713.64,41713.64,15395028.01,0.0,3780.73
759,E,38932.79,38932.79,5107787.7,0.0,3814.69
760,P,37834.91,,,,
761,R,36757.35,36757.35,2154750.32,0.0,1938.36
762,V,34904.21,34904.21,1032988.75,0.0,1941.28
763,F,35480.52,35480.52,1298365.06,0.0,1938.36
764,E,37396.97,37396.97,2777189.88,0.0,3948.73
765,V,32769.15,32769.15,442812.17,0.0,3979.93
766,A,36883.97,36883.97,2265763.51,0.0,3997.96
767,K,37463.4,37463.4,2851361.06,0.0,4137.59
768,T,37996.44,37996.44,3522868.15,0.0,2522.68
769,T,38468.25,38468.25,4248052.9,0.0,2170.01
770,A,38874.51,38874.51,4991027.14,0.0,2170.01
771,S,39861.14,39861.14,7382270.6,0.0,2170.01
772,R,39915.14,39915.14,7542126.56,0.0,2172.34
773,L,35624.42,35624.42,1374642.28,0.0,2170.01
774,S,32100.08,,,,
775,V,28600.13,,,,
776,L,25100.19,,,,
777,L,21600.25,,,,
778,D,18084.53,18084.53,1306.22,0.09,1135.3
779,S,19823.14,19823.14,2603.66,0.09,1135.11
780,K,20224.21,20224.21,3052.74,0.09,1135.18
781,Q,19763.77,19763.77,2543.05,0.09,1135.12
782,P,18854.81,,,,
783,D,17906.26,17906.26,1217.03,0.09,1135.46
784,T,17267.82,17267.82,944.7,0.09,1135.65
785,V,15813.53,15813.53,530.54,0.09,1136.31
786,L,14537.64,14537.64,319.8,0.09,1137.19
787,T,26614.69,,,,
788,G,38691.72,38691.72,4641885.46,0.0,2517.2
789,L,35353.56,35353.56,1234582.76,0.0,1863.61
790,S,38657.65,38657.65,4579570.61,0.0,1866.56
791,H,39403.38,39403.38,6156237.87,0.0,1869.55
792,G,38675.03,38675.03,4611261.52,0.0,1863.61
793,A,38711.65,38711.65,4678741.41,0.0,1869.55
794,A,37729.05,37729.05,3168288.47,0.0,1866.56
795,G,37554.94,37554.94,2956818.77,0.0,1866.56
796,F,37313.66,37313.66,2686904.21,0.0,2152.28
797,A,38047.45,38047.45,3594889.98,0.0,3052.41
798,L,34338.66,34338.66,825373.69,0.0,3072.03
799,A,36477.96,36477.96,1928668.08,0.0,3077.8
800,L,34334.62,34334.62,824050.64,0.0,3074.91
801,L,33119.88,33119.88,508920.9,0.0,3072.03
802,T,35276.86,35276.86,1197580.65,0.0,2241.04
803,Y,33056.91,33056.91,496365.46,0.0,2689.01
804,G,34862.12,34862.12,1015883.58,0.0,1928.03
805,T,35326.42,35326.42,1221360.89,0.0,1928.03
806,A,35902.74,35902.74,1535131.33,0.0,1927.74
807,A,34750.1,34750.1,971722.97,0.0,1928.32
808,N,37585.82,37585.82,2993268.45,0.0,1927.74
809,D,36627.18,36627.18,2046299.16,0.0,3063.07
810,E,19659.08,19659.08,2439.58,0.03,5350.81
811,Q,20811.68,20811.68,3854.01,0.03,5416.09
812,L,19134.3,19134.3,1981.05,0.03,5354.08
813,L,27698.25,,,,
814,K,36243.41,36243.41,1757294.23,0.0,4781.29
815,Q,38734.97,38734.97,4722235.35,0.0,4786.38
816,G,38680.98,38680.98,4622156.4,0.0,4781.29
817,H,38622.27,38622.27,4515730.05,0.0,4776.23
818,S,40953.74,40953.74,11387986.9,0.0,4786.38
819,Y,37868.46,37868.46,3348456.03,0.0,4781.29
820,L,26693.33,,,,
821,V,15498.58,15498.58,468.22,0.04,2639.99
822,Y,25354.72,25354.72,23371.77,0.0,1868.67
823,E,29865.29,29865.29,139918.41,0.0,2008.22
824,R,29816.22,29816.22,137220.94,0.0,2019.23
825,N,34333.28,34333.28,823611.6,0.0,2008.24
826,R,32538.15,32538.15,404034.04,0.0,2013.72
827,F,30100.58,30100.58,153608.87,0.0,2013.7
828,N,23973.07,23973.07,13509.19,0.04,2636.05
829,K,22288.11,22288.11,6923.19,0.04,2167.24
830,Q,21707.65,21707.65,5499.09,0.04,2167.17
831,E,21190.15,21190.15,4478.41,0.04,2174.3
832,N,22638.17,22638.17,7954.68,0.04,2167.27
833,N,25360.3,25360.3,23423.58,0.04,2160.27
834,W,20118.43,20118.43,2927.28,0.04,4179.39
835,V,18515.03,,,,
836,D,16893.18,16893.18,814.22,0.17,914.65
837,L,12706.0,12706.0,154.63,0.17,916.75
838,R,16369.38,16369.38,661.44,0.17,914.87
839,K,18166.46,18166.46,1349.38,0.17,916.3
840,G,17651.71,17651.71,1100.12,0.17,912.37
841,N,20953.48,20953.48,4077.05,0.17,915.91
842,A,18983.49,18983.49,1866.0,0.17,914.1
843,Y,15559.43,15559.43,479.66,0.17,913.3
844,Q,17763.88,17763.88,1150.18,0.17,914.36
845,T,17876.04,17876.04,1202.52,0.17,916.37
846,F,16896.43,16896.43,815.27,0.17,912.62
847,W,28777.29,,,,
848,C,40653.53,40653.53,10109293.86,0.0,3721.01
849,H,40818.87,40818.87,10794674.74,0.0,3710.34
850,G,38639.62,38639.62,4546923.35,0.0,3731.73
851,A,38676.21,38676.21,4613421.98,0.0,3710.34
852,P,37399.18,,,,
853,G,36126.62,36126.62,1677724.34,0.0,3721.01
854,I,34447.58,34447.58,861822.73,0.0,3731.74
855,G,36180.61,36180.61,1714048.16,0.0,3710.34
856,I,34443.47,34443.47,860418.53,0.0,4053.72
857,S,38509.37,38509.37,4317931.69,0.0,5493.25
858,R,39898.22,39898.22,7491666.88,0.0,5471.79
859,L,35607.5,35607.5,1365449.21,0.0,5493.25
860,L,33111.74,33111.74,507281.11,0.0,4225.92
861,L,33111.74,33111.74,507280.29,0.0,4225.92
862,A,29922.62,,,,
863,Q,26740.82,,,,
864,F,23559.03,,,,
865,Y,20376.28,20376.28,3242.58,0.03,11476.66
866,D,23975.66,23975.66,13523.07,0.02,2589.75
867,D,22646.03,22646.03,7979.51,0.02,2588.78
868,E,21427.2,21427.2,4920.03,0.02,2588.97
869,L,18876.29,18876.29,1788.29,0.02,2588.73
870,L,21368.1,21368.1,4806.01,0.01,4105.88
871,H,36082.23,36082.23,1648439.7,0.0,4936.46
872,E,37838.27,37838.27,3308594.75,0.0,4932.11
873,E,35857.5,35857.5,1507821.58,0.0,4936.46
874,L,33132.89,33132.89,511554.57,0.0,4940.83
875,N,38984.78,38984.78,5214221.73,0.0,4932.11
876,A,37476.18,37476.18,2865849.43,0.0,4237.33
877,A,28384.38,28384.38,77751.72,0.0,1250.1
878,L,25022.15,25022.15,20482.77,0.0,1248.77
879,N,30009.44,30009.44,148153.71,0.0,1250.11
880,K,33314.81,33314.81,549841.83,0.0,1191.25
881,T,31984.02,31984.02,324293.45,0.0,1189.31
882,I,28621.9,28621.9,85434.97,0.0,1187.4
883,S,32506.35,32506.35,398968.31,0.0,1189.31
884,D,34012.01,34012.01,725049.72,0.0,1191.25
885,G,30480.42,30480.42,178592.75,0.0,1187.38
886,F,31287.57,31287.57,246001.52,0.0,1189.31
887,G,31867.94,31867.94,309697.8,0.0,1189.31
888,H,32617.71,32617.71,416989.17,0.0,1189.31
889,N,35649.65,35649.65,1388473.16,0.0,1191.25
890,H,33492.33,33492.33,589964.62,0.0,1187.37
891,S,39837.61,39837.61,7313679.35,0.0,1025.08
892,L,34957.27,34957.27,1054968.14,0.0,1027.12
893,C,38957.78,38957.78,5158674.77,0.0,1026.1
894,H,39703.47,39703.47,6934624.69,0.0,1025.08
895,G,37524.26,37524.26,2921049.3,0.0,1027.12
896,D,38141.94,38141.94,3732213.01,0.0,1025.08
897,F,34146.06,34146.06,764653.92,0.0,1027.12
898,G,36752.36,36752.36,2150492.98,0.0,1026.1
899,N,40404.64,40404.64,9158759.4,0.0,1025.08
900,L,35073.35,35073.35,1104687.31,0.0,1027.12
901,D,37096.26,37096.26,2464865.99,0.0,1914.4
902,L,33328.43,33328.43,552820.54,0.0,1909.75
903,L,29766.77,,,,
904,L,26253.71,,,,
905,L,22740.65,,,,
906,Y,19216.54,19216.54,2046.75,0.02,5631.02
907,A,25514.06,25514.06,24896.92,0.01,1852.26
908,Q,25568.04,25568.04,25435.89,0.01,1851.27
909,Y,24821.63,24821.63,18916.43,0.01,1853.28
910,T,25300.99,25300.99,22878.79,0.01,1621.19
911,N,29421.73,29421.73,117340.57,0.01,1621.11
912,N,30114.12,30114.12,154436.49,0.01,1620.46
913,P,26762.57,,,,
914,E,23390.59,23390.59,10721.75,0.01,1621.95
915,P,23599.44,,,,
916,K,23791.93,23791.93,12572.38,0.01,1621.26
917,E,25471.95,25471.95,24484.43,0.01,1620.53
918,L,22696.28,22696.28,8140.2,0.0,4145.64
919,A,30286.55,30286.55,165371.56,0.0,2141.56
920,R,20131.86,20131.86,2942.92,0.06,1140.2
921,K,20704.37,20704.37,3693.36,0.06,1137.85
922,L,16995.79,16995.79,848.06,0.06,1140.61
923,A,18439.95,18439.95,1504.03,0.06,1138.05
924,I,15426.3,15426.3,454.98,0.06,1141.12
925,S,20476.17,20476.17,3373.68,0.06,1139.01
926,S,23548.64,23548.64,11415.61,0.06,1137.76
927,I,17170.1,17170.1,908.78,0.06,1140.58
928,D,19184.64,19184.64,2021.01,0.06,1068.4
929,Q,19243.26,19243.26,2068.57,0.06,1068.4
930,A,21095.74,21095.74,4313.76,0.06,1066.83
931,H,19879.92,19879.92,2662.98,0.05,1069.86
932,T,20644.67,20644.67,3606.92,0.06,1066.84
933,Y,19536.28,19536.28,2323.58,0.05,1069.88
934,G,20050.78,20050.78,2849.75,0.06,1066.86
935,W,18549.15,18549.15,1570.62,0.05,1069.94
936,K,19063.74,19063.74,1926.36,0.06,1066.92
937,L,17271.32,17271.32,946.01,0.05,1070.08
938,G,18541.12,18541.12,1565.63,0.06,1066.96
939,L,17561.78,17561.78,1061.56,0.05,1070.04
940,N,20418.92,,,,
941,H,23208.35,23208.35,9973.93,0.03,7661.96
942,S,24673.42,24673.42,17836.15,0.03,7731.73
943,D,23736.21,23736.21,12297.53,0.03,7660.44
944,Q,20718.36,20718.36,3713.93,0.03,7675.57
945,L,19211.58,19211.58,2042.73,0.03,7621.54
946,Q,25704.57,25704.57,26851.71,0.0,2571.04
947,G,27557.77,27557.77,56012.34,0.0,2572.94
948,M,27503.78,27503.78,54825.17,0.0,2571.08
949,M,27155.55,27155.55,47750.6,0.0,2571.08
950,L,23851.32,23851.32,12872.15,0.0,2569.05
951,G,36313.55,36313.55,1806883.22,0.0,2384.2
952,V,34645.22,34645.22,932119.08,0.0,2165.82
953,T,36498.38,36498.38,1944354.66,0.0,2168.93
954,G,38699.75,38699.75,4656712.76,0.0,2172.07
955,I,34478.71,34478.71,872530.8,0.0,1930.99
956,G,36215.79,36215.79,1738141.64,0.0,1933.82
957,Y,37130.29,37130.29,2498366.55,0.0,2532.89
958,Q,38345.03,38345.03,4045383.81,0.0,2536.85
959,L,35505.24,35505.24,1311160.92,0.0,2532.89
960,L,25215.47,25215.47,22115.54,0.0,3002.12
961,R,29041.97,29041.97,100928.78,0.0,3001.2
962,H,31006.48,31006.48,220042.14,0.0,3000.42
963,I,26679.79,26679.79,39537.16,0.0,3002.04
964,N,31301.39,31301.39,247354.46,0.0,3000.42
965,P,29654.22,,,,
966,T,27997.28,27997.28,66682.64,0.0,3001.22
967,V,26898.6,26898.6,43122.81,0.0,3002.03
968,P,28725.61,,,,
969,S,30546.9,30546.9,183366.14,0.0,3000.42
970,I,27300.82,27300.82,50583.72,0.0,3001.24
971,L,25095.34,25095.34,21086.22,0.0,3001.35
972,A,21750.87,,,,
973,L,18387.21,18387.21,1472.89,0.03,3474.3
974,E,19889.74,19889.74,2673.37,0.03,3486.01
975,L,17517.74,17517.74,1043.18,0.03,3477.94
976,P,20029.83,,,,
977,S,22505.17,22505.17,7545.8,0.03,3474.97
978,S,25635.37,25635.37,26124.5,0.03,3481.61
979,T,23085.61,23085.61,9499.86,0.03,3474.62
980,L,19300.29,19300.29,2115.91,0.03,6885.86
981,T,18331.37,18331.37,1440.61,0.05,1529.61
982,E,20472.57,20472.57,3368.86,0.05,1525.19
983,K,18855.82,18855.82,1773.83,0.05,1529.56
984,E,24673.4,24673.4,17836.01,0.01,1431.49
985,L,28039.09,28039.09,67797.79,0.0,2855.27
986,R,31515.52,31515.52,269286.97,0.0,2860.64
987,I,29318.18,29318.18,112617.61,0.0,2849.86
988,H,30876.43,30876.43,208976.67,0.0,2855.24
989,D,33969.45,33969.45,712908.62,0.0,2857.62
990,R,33969.45,33969.45,712908.7,0.0,4990.74
