state,halm2_ATP,halm2_ATP,halm2_ATP,halm2_ATP,halm2_ATP,halm2_ATP
quantity,sequence,_dG,dG,pfact,k_obs,covariance
r_number,,,,,,
2,K,26656.22,26656.22,39169.05,0.19,746.78
3,T,17193.2,17193.2,917.14,0.18,524.84
4,P,14696.22,,,,
5,L,12130.68,12130.68,123.07,0.18,526.62
6,T,15274.92,15274.92,428.46,0.18,525.39
7,S,20209.08,20209.08,3034.48,0.18,525.85
8,E,18007.36,18007.36,1266.83,0.18,524.71
9,H,15973.74,15973.74,565.35,0.18,523.81
10,P,16850.24,,,,
11,S,17654.03,17654.03,1101.13,0.18,526.1
12,V,14580.58,14580.58,325.29,0.18,524.38
13,P,14874.84,,,,
14,T,15100.4,15100.4,399.8,0.18,525.46
15,T,17654.03,17654.03,1101.13,0.18,526.1
16,L,14696.99,14696.99,340.67,0.18,524.32
17,P,15792.74,,,,
18,H,16661.81,16661.81,742.81,0.11,319.8
19,T,18828.95,18828.95,1755.02,0.11,319.62
20,N,22120.92,22120.92,6478.86,0.11,319.76
21,D,20558.09,20558.09,3485.13,0.11,319.55
22,T,16671.57,16671.57,745.69,0.11,319.57
23,D,19857.73,19857.73,2639.64,0.11,319.81
24,W,14691.1,14691.1,339.88,0.11,320.17
25,L,14111.47,14111.47,270.05,0.11,320.11
26,E,24754.03,24754.03,18415.84,0.0,1411.99
27,Q,24119.55,24119.55,14317.52,0.01,664.79
28,L,22438.49,22438.49,7348.81,0.01,664.76
29,H,23358.49,23358.49,10586.1,0.01,664.8
30,D,24247.62,24247.62,15063.84,0.02,1678.43
31,I,16492.81,16492.81,694.64,0.03,2263.91
32,L,16752.34,16752.34,769.98,0.03,364.88
33,S,21966.9,21966.9,6094.8,0.04,2204.43
34,I,17982.04,17982.04,1254.17,0.04,995.71
35,P,16470.06,,,,
36,V,14696.68,14696.68,340.63,0.05,768.15
37,T,18934.79,18934.79,1830.29,0.05,766.44
38,E,20673.43,20673.43,3648.31,0.05,765.07
39,E,18582.46,18582.46,1591.52,0.05,822.43
40,I,14236.68,14236.68,283.81,0.07,1218.08
41,Q,18985.16,18985.16,1867.23,0.05,1386.19
42,K,20897.06,20897.06,3986.79,0.05,1384.08
43,Y,19101.29,19101.29,1955.27,0.05,1386.18
44,F,18873.05,18873.05,1786.0,0.05,1388.21
45,H,20257.77,20257.77,3093.66,0.05,1386.11
46,A,21084.56,21084.56,4294.67,0.05,1384.08
47,E,19338.48,19338.48,2148.2,0.05,1388.17
48,N,21947.76,21947.76,6048.7,0.05,1386.05
49,D,22407.06,22407.06,7257.73,0.05,1384.04
50,L,15562.5,15562.5,480.25,0.05,1388.76
51,F,18242.09,18242.09,1390.48,0.04,5110.67
52,S,22109.95,,,,
53,F,25975.79,,,,
54,F,29841.62,,,,
55,Y,33707.46,,,,
56,T,37579.59,37579.59,2985881.32,0.0,3253.93
57,P,36238.43,,,,
58,F,34913.92,34913.92,1036976.77,0.0,3250.88
59,L,34685.81,34685.81,947252.47,0.0,3247.85
60,Q,36829.15,36829.15,2217018.16,0.0,3250.88
61,F,37225.07,,,,
62,T,37638.69,37638.69,3056714.76,0.0,6978.46
63,Y,37287.21,37287.21,2658852.93,0.0,7545.08
64,Q,38327.84,38327.84,4017879.55,0.0,7524.34
65,S,40993.51,40993.51,11569098.7,0.0,7503.69
66,M,39372.51,39372.51,6081307.3,0.0,7524.34
67,S,38711.9,38711.9,4679203.13,0.0,15037.77
68,D,38248.35,38248.35,3893155.24,0.0,15037.77
69,Y,31494.42,31494.42,267041.8,0.0,1857.75
70,F,29900.39,,,,
71,M,28294.32,,,,
72,T,26688.26,,,,
73,F,25082.2,,,,
74,K,23476.14,,,,
75,T,21870.08,,,,
76,D,20264.02,,,,
77,M,18657.96,,,,
78,A,17051.9,,,,
79,L,15408.66,15408.66,451.81,0.09,852.47
80,I,13316.31,13316.31,196.99,0.09,854.13
81,E,17338.78,17338.78,971.68,0.07,869.2
82,R,18907.84,18907.84,1810.82,0.07,868.96
83,Q,20938.09,20938.09,4052.23,0.07,868.81
84,S,22617.46,22617.46,7889.59,0.07,868.29
85,L,17686.43,17686.43,1115.38,0.07,869.14
86,L,15343.0,15343.0,440.19,0.06,1546.68
87,Q,28180.41,,,,
88,S,40996.87,40996.87,11584558.01,0.0,6607.06
89,T,39027.65,39027.65,5303670.54,0.0,6596.13
90,L,35491.42,35491.42,1303987.41,0.0,6585.28
91,T,36104.59,36104.59,1663124.42,0.0,1650.35
92,A,38886.35,38886.35,5014524.82,0.0,1651.73
93,V,33671.05,33671.05,633314.5,0.0,1648.99
94,H,36854.35,36854.35,2239294.1,0.0,1650.35
95,H,38782.93,38782.93,4812940.8,0.0,1650.35
96,R,39305.95,39305.95,5922827.4,0.0,1651.73
97,L,35640.29,35640.29,1383326.46,0.0,1650.35
98,F,35121.99,35121.99,1126210.94,0.0,1648.98
99,H,38011.06,38011.06,3543366.5,0.0,1651.73
100,L,35483.56,35483.56,1299927.32,0.0,1648.98
101,T,36104.59,36104.59,1663124.42,0.0,1650.35
102,H,38827.62,38827.62,4899042.92,0.0,1650.35
103,R,39305.95,39305.95,5922827.4,0.0,1651.73
104,T,38563.35,38563.35,4411400.84,0.0,6596.13
105,L,35487.37,35487.37,1301895.98,0.0,6596.14
106,I,32449.03,,,,
107,S,29414.11,,,,
108,E,26379.2,,,,
109,M,23344.28,,,,
110,H,20309.37,,,,
111,I,17178.66,17178.66,911.87,0.05,985.94
112,D,19539.13,19539.13,2326.2,0.05,981.88
113,K,19021.13,19021.13,1894.07,0.05,983.9
114,L,17630.03,17630.03,1090.7,0.05,985.94
115,T,18667.4,18667.4,1646.06,0.05,981.89
116,V,17239.78,17239.78,934.25,0.05,706.0
117,G,19148.3,19148.3,1992.09,0.05,703.43
118,L,17861.44,17861.44,1195.58,0.05,731.57
119,N,21389.37,21389.37,4846.75,0.06,600.13
120,G,21447.42,21447.42,4959.67,0.06,600.13
121,S,22894.6,22894.6,8806.53,0.06,599.43
122,T,21099.13,21099.13,4319.58,0.06,600.14
123,P,19863.25,,,,
124,H,18311.53,18311.53,1429.32,0.06,600.95
125,E,20238.65,20238.65,3070.28,0.06,599.48
126,R,19363.25,19363.25,2169.42,0.06,600.89
127,Y,19473.62,19473.62,2266.53,0.06,600.2
128,M,20193.09,20193.09,3015.28,0.05,742.27
129,D,21176.73,21176.73,4454.64,0.05,741.18
130,F,17527.24,17527.24,1047.11,0.05,743.49
131,N,22892.99,22892.99,8800.92,0.06,942.59
132,H,22652.28,22652.28,7999.32,0.04,1959.79
133,K,21741.62,21741.62,5573.7,0.04,1959.6
134,F,20164.93,20164.93,2981.78,0.04,1968.43
135,N,24045.99,24045.99,13905.7,0.04,1950.69
136,K,22482.87,22482.87,7479.34,0.04,1959.76
137,T,21151.83,21151.83,4410.83,0.04,1968.82
138,S,24162.07,24162.07,14561.1,0.04,1950.7
139,K,22370.82,22370.82,7154.12,0.04,1969.13
140,S,23697.74,23697.74,12111.23,0.04,1950.65
141,K,22370.82,22370.82,7154.12,0.04,1969.13
142,N,24394.23,24394.23,15966.02,0.04,1950.72
143,L,19348.07,19348.07,2156.39,0.04,1958.61
144,F,18248.79,18248.79,1394.18,0.04,1967.07
145,N,26811.54,,,,
146,I,35313.13,35313.13,1214937.24,0.0,3397.18
147,Y,34794.84,34794.84,989123.66,0.0,3395.83
148,P,33423.62,,,,
149,I,32077.78,32077.78,336584.81,0.0,2553.86
150,L,33002.34,33002.34,485733.92,0.0,2555.22
151,G,36303.14,36303.14,1799434.38,0.0,3581.7
152,K,38463.13,38463.13,4239445.4,0.0,2131.51
153,L,35042.97,35042.97,1091452.5,0.0,2129.73
154,V,32428.67,32428.67,386859.86,0.0,2575.31
155,V,32830.89,32830.89,453792.59,0.0,2577.73
156,N,39733.3,39733.3,7017168.01,0.0,2580.14
157,E,38925.72,38925.72,5093462.8,0.0,2577.71
158,T,38833.51,,,,
159,L,38757.97,,,,
160,R,38682.43,,,,
161,T,38606.9,,,,
162,I,38531.36,,,,
163,N,38455.82,,,,
164,F,38380.28,,,,
165,V,38304.74,,,,
166,K,38229.2,,,,
167,K,38183.17,38183.17,3793764.4,0.0,1908.46
168,I,34204.41,34204.41,782560.72,0.0,1404.85
169,I,32177.13,32177.13,350115.86,0.0,1403.65
170,Q,36758.05,36758.05,2155353.04,0.0,1404.85
171,H,38853.37,38853.37,4949354.19,0.0,1251.07
172,Y,37312.49,37312.49,2685646.87,0.0,1248.89
173,M,37991.56,37991.56,3516057.13,0.0,1249.97
174,K,38165.67,38165.67,3767523.16,0.0,1249.97
175,D,39032.96,39032.96,5314862.77,0.0,1251.07
176,Y,31691.97,,,,
177,L,24416.64,24416.64,16108.61,0.0,4504.26
178,L,22909.57,22909.57,8859.0,0.0,4501.29
179,L,22909.57,22909.57,8859.0,0.0,4501.29
180,S,28421.34,28421.34,78900.47,0.0,4504.02
181,D,29810.96,29810.96,136934.95,0.0,4510.44
182,F,26982.45,,,,
183,F,24141.75,24141.75,14444.17,0.01,1808.98
184,K,25112.52,25112.52,21230.51,0.01,1250.01
185,E,25059.41,25059.41,20787.79,0.01,1250.46
186,K,23903.51,23903.51,13141.47,0.01,1250.92
187,D,26274.07,26274.07,33658.71,0.01,1250.0
188,L,20594.4,20594.4,3535.69,0.01,1250.99
189,R,25850.28,25850.28,28449.75,0.0,1196.2
190,L,24523.42,24523.42,16805.65,0.0,1190.41
191,T,24983.1,24983.1,20167.85,0.0,1193.75
192,N,24937.25,24937.25,19804.36,0.04,916.84
193,L,19072.5,19072.5,1933.07,0.04,653.54
194,Q,17313.52,17313.52,961.99,0.11,352.44
195,L,16165.45,16165.45,610.03,0.1,333.41
196,G,16667.02,16667.02,744.35,0.12,364.09
197,V,15386.5,15386.5,447.86,0.1,348.4
198,G,17474.81,17474.81,1025.56,0.1,348.21
199,D,20026.78,20026.78,2822.75,0.1,348.18
200,T,17015.16,17015.16,854.6,0.1,348.13
201,H,19556.85,19556.85,2342.62,0.1,348.19
202,V,15516.16,15516.16,471.5,0.1,348.37
203,N,20490.45,20490.45,3392.85,0.1,348.16
204,G,20145.9,20145.9,2959.36,0.1,348.05
205,Q,19801.34,19801.34,2581.24,0.1,347.94
206,C,23218.63,23218.63,10014.68,0.1,348.11
207,V,18243.98,18243.98,1391.52,0.08,578.39
208,T,20350.64,20350.64,3209.77,0.03,2873.24
209,I,34629.8,34629.8,926432.42,0.0,2105.09
210,L,32827.29,32827.29,453144.79,0.0,898.59
211,T,35899.18,35899.18,1532964.43,0.0,899.7
212,F,37287.98,37287.98,2659663.48,0.0,900.83
213,A,22233.73,22233.73,6775.41,0.03,4634.79
214,S,24102.0,24102.0,14218.21,0.02,4134.41
215,G,23525.63,23525.63,11311.86,0.02,4103.24
216,Q,23293.46,23293.46,10316.45,0.02,4103.15
217,K,22887.16,22887.16,8780.58,0.02,4102.97
218,V,18591.12,18591.12,1597.0,0.02,4097.69
219,V,17084.92,17084.92,878.58,0.02,4062.15
220,Y,19578.26,19578.26,2362.6,0.02,4099.78
221,K,22012.44,22012.44,6205.92,0.02,4133.44
222,P,21541.32,,,,
223,R,21033.7,21033.7,4208.88,0.02,4071.13
224,S,25378.9,25378.9,23597.01,0.02,4134.71
225,L,20337.06,20337.06,3192.53,0.02,4070.37
226,S,22883.11,22883.11,8766.5,0.02,4133.95
227,I,19466.18,19466.18,2259.85,0.02,4069.07
228,D,21067.12,21067.12,4265.07,0.03,8038.23
229,K,33599.69,33599.69,615635.67,0.0,881.89
230,Q,35919.88,35919.88,1545604.72,0.0,881.89
231,F,37473.73,37473.73,2863074.37,0.0,2585.61
232,G,37880.0,37880.0,3363819.26,0.0,2585.61
233,E,38050.96,38050.96,3599905.1,0.0,2588.09
234,F,35444.22,35444.22,1279796.24,0.0,2585.61
235,I,30414.69,,,,
236,E,25397.29,25397.29,23769.88,0.0,1322.69
237,W,24121.29,24121.29,14327.44,0.0,1322.73
238,V,22672.5,22672.5,8063.75,0.0,1321.33
239,N,29401.06,29401.06,116382.23,0.0,1322.65
240,S,31370.27,31370.27,254207.55,0.0,1324.12
241,K,28878.71,28878.71,94598.84,0.0,1322.65
242,G,27892.07,27892.07,63956.34,0.0,1322.66
243,F,26967.52,26967.52,44318.07,0.0,1321.19
244,Q,28066.18,28066.18,68530.53,0.0,1322.65
245,P,28099.58,,,,
246,S,28120.16,28120.16,70013.85,0.0,1324.13
247,L,25748.7,25748.7,27325.92,0.0,1321.21
248,R,27325.41,27325.41,51079.6,0.0,1296.44
249,I,33303.81,33303.81,547446.6,0.0,2739.29
250,P,31422.13,,,,
251,I,29659.14,29659.14,128930.59,0.0,1371.35
252,A,33945.79,33945.79,706248.88,0.0,1367.79
253,I,29128.94,29128.94,104472.28,0.0,5434.06
254,D,24146.15,24146.15,14469.42,0.01,1620.06
255,R,24316.77,24316.77,15482.81,0.01,1619.92
256,Q,27877.34,27877.34,63583.64,0.0,1278.32
257,T,27010.82,27010.82,45086.11,0.0,1278.35
258,Y,25854.11,25854.11,28492.96,0.0,1278.4
259,G,26368.33,26368.33,34941.37,0.0,1278.34
260,W,24863.37,24863.37,19232.26,0.0,1278.42
261,Y,23657.29,23657.29,11918.44,0.01,2458.32
262,E,23048.81,23048.81,9362.17,0.01,4402.59
263,F,19184.99,19184.99,2021.3,0.03,5437.41
264,I,17561.1,17561.1,1061.27,0.03,5417.38
265,P,18797.49,,,,
266,H,19991.34,19991.34,2783.34,0.03,5431.29
267,Q,22907.84,22907.84,8852.91,0.03,5461.0
268,E,21970.71,21970.71,6104.04,0.03,5422.47
269,A,20578.41,20578.41,3513.33,0.03,5427.92
270,T,20448.27,20448.27,3336.54,0.04,2819.66
271,S,24155.15,24155.15,14521.16,0.04,2796.39
272,E,21954.43,21954.43,6064.74,0.04,2808.05
273,D,20646.0,20646.0,3608.83,0.04,3355.28
274,E,30101.57,30101.57,153669.1,0.0,6658.12
275,I,32598.76,32598.76,413867.19,0.0,2615.13
276,E,35783.2,35783.2,1464026.72,0.0,1330.87
277,R,37351.1,37351.1,2727110.19,0.0,1330.87
278,Y,37461.36,37461.36,2849050.42,0.0,1332.29
279,Y,36467.99,36467.99,1921054.82,0.0,1534.78
280,S,40174.31,40174.31,8358919.77,0.0,1538.28
281,R,39946.2,39946.2,7635632.97,0.0,1536.52
282,I,34784.9,34784.9,985234.32,0.0,1534.78
283,G,36231.81,36231.81,1749221.66,0.0,1536.52
284,G,38549.27,38549.27,4386822.96,0.0,1538.28
285,Y,37139.65,37139.65,2507663.2,0.0,1969.53
286,L,34666.19,34666.19,939905.26,0.0,1534.24
287,A,36484.72,36484.72,1933851.67,0.0,2471.63
288,I,33474.86,33474.86,585889.04,0.0,2466.95
289,A,36368.65,36368.65,1846813.96,0.0,2471.63
290,Y,36140.54,36140.54,1687017.15,0.0,2469.28
291,L,29074.15,29074.15,102225.66,0.0,3138.35
292,F,25327.82,25327.82,23123.66,0.0,2352.81
293,G,26223.64,26223.64,32992.07,0.0,2093.28
294,A,27032.14,27032.14,45468.95,0.0,2091.93
295,T,25647.3,25647.3,26248.49,0.0,2094.63
296,D,27787.39,27787.39,61354.62,0.0,2091.92
297,L,21639.61,21639.61,5352.63,0.0,2093.67
298,H,20338.71,20338.71,3194.61,0.03,1308.87
299,L,19373.82,19373.82,2178.54,0.03,1379.86
300,D,22500.65,,,,
301,N,25619.33,,,,
302,L,28738.01,,,,
303,I,31856.7,,,,
304,A,34970.63,34970.63,1060572.68,0.0,8852.29
305,C,40361.09,40361.09,9001871.82,0.0,4864.23
306,G,40031.46,40031.46,7898350.91,0.0,3265.63
307,E,37362.64,37362.64,2739625.33,0.0,3265.63
308,H,36081.99,36081.99,1648279.79,0.0,3265.64
309,P,35826.51,,,,
310,M,35562.59,35562.59,1341331.6,0.0,3265.64
311,L,34285.76,34285.76,808231.82,0.0,3265.64
312,I,33139.95,,,,
313,D,31989.92,,,,
314,L,30839.89,,,,
315,E,29689.86,,,,
316,T,28539.83,,,,
317,L,27389.79,,,,
318,F,26239.76,,,,
319,T,25089.73,,,,
320,N,23931.36,23931.36,13287.5,0.06,2658.28
321,D,22364.95,22364.95,7137.48,0.06,2658.34
322,L,15516.18,15516.18,471.5,0.06,2663.24
323,D,19288.13,19288.13,2105.72,0.06,2658.65
324,C,22481.59,22481.59,7475.56,0.06,2658.34
325,Y,22654.84,,,,
326,D,22819.76,,,,
327,S,22984.67,,,,
328,A,23149.58,,,,
329,F,23314.5,,,,
330,P,23479.41,,,,
331,F,23644.32,,,,
332,P,23809.24,,,,
333,A,23974.15,,,,
334,L,24139.06,,,,
335,A,24303.98,,,,
336,R,24461.94,24461.94,16400.7,0.01,2365.63
337,E,24632.92,24632.92,17551.84,0.01,2367.65
338,L,19765.91,19765.91,2545.21,0.01,2364.07
339,T,22372.4,22372.4,7158.6,0.01,2365.74
340,Q,25506.66,25506.66,24823.97,0.01,2365.61
341,S,27301.83,27301.83,50603.89,0.01,2367.6
342,V,21679.88,21679.88,5438.83,0.01,2363.79
343,F,21787.89,21787.89,5676.97,0.01,2367.8
344,G,20365.15,,,,
345,T,18931.42,,,,
346,L,17497.68,,,,
347,M,16063.95,,,,
348,L,14630.22,,,,
349,P,13196.48,,,,
350,I,11740.92,11740.92,105.44,0.15,698.16
351,T,15472.42,15472.42,463.39,0.16,613.57
352,I,14136.27,14136.27,272.72,0.16,548.07
353,A,15984.73,15984.73,567.83,0.16,482.44
354,S,19602.13,19602.13,2385.08,0.15,434.47
355,G,19025.36,19025.36,1897.25,0.15,433.8
356,K,18212.36,18212.36,1374.17,0.15,433.87
357,L,14783.13,14783.13,352.51,0.15,434.6
358,L,13239.87,13239.87,191.1,0.13,574.58
359,D,17428.63,17428.63,1006.94,0.12,776.48
360,I,16103.57,,,,
361,D,14743.83,14743.83,347.06,0.32,2309.85
362,L,11068.27,11068.27,80.74,0.32,2316.65
363,S,16429.69,16429.69,677.46,0.32,2306.81
364,A,17580.88,17580.88,1069.64,0.28,1150.28
365,V,11764.0,11764.0,106.41,0.28,1147.8
366,G,15052.31,15052.31,392.24,0.26,798.76
367,G,16854.72,16854.72,801.89,0.26,797.83
368,G,17859.6,17859.6,1194.7,0.17,344.39
369,K,17805.27,17805.27,1169.23,0.17,343.64
370,G,17572.93,17572.93,1066.27,0.17,343.66
371,V,13971.38,13971.38,255.45,0.17,343.7
372,Q,16585.24,16585.24,720.58,0.17,343.78
373,S,20356.43,20356.43,3217.16,0.17,344.25
374,E,18617.12,18617.12,1613.55,0.14,277.21
375,K,16410.69,16410.69,672.37,0.14,277.38
376,I,13969.62,13969.62,255.27,0.14,277.46
377,K,15943.94,15943.94,558.71,0.14,277.44
378,T,17803.18,17803.18,1168.26,0.14,277.25
379,W,18059.16,,,,
380,V,18122.28,,,,
381,I,18185.4,,,,
382,V,18248.52,,,,
383,N,18311.64,,,,
384,Q,18374.76,,,,
385,K,18437.88,,,,
386,T,18501.0,,,,
387,D,18564.12,,,,
388,E,18627.24,,,,
389,M,18690.36,,,,
390,K,18727.97,18727.97,1686.1,0.1,978.31
391,L,15652.5,15652.5,497.7,0.1,978.83
392,V,13035.76,13035.76,176.24,0.1,981.02
393,E,15920.93,15920.93,553.63,0.15,450.85
394,Q,16847.88,16847.88,799.72,0.15,451.45
395,P,15692.52,,,,
396,Y,14407.5,14407.5,303.71,0.15,451.39
397,V,13595.85,13595.85,220.09,0.15,451.06
398,T,16152.56,16152.56,606.92,0.15,450.8
399,E,17892.68,17892.68,1210.49,0.15,451.29
400,S,17466.18,17466.18,1022.05,0.24,1126.9
401,S,20671.92,20671.92,3646.12,0.19,553.14
402,Q,18879.92,18879.92,1790.88,0.19,550.21
403,N,20788.02,20788.02,3818.01,0.19,553.14
404,K,18411.42,18411.42,1487.1,0.19,551.79
405,P,16727.87,,,,
406,T,14982.43,14982.43,381.52,0.19,552.71
407,V,13880.11,13880.11,246.37,0.19,551.86
408,N,18813.99,18813.99,1744.64,0.19,553.28
409,G,18469.49,18469.49,1521.76,0.19,551.79
410,K,17544.11,17544.11,1054.14,0.19,550.4
411,E,17727.73,17727.73,1133.81,0.14,346.28
412,A,16806.65,16806.65,786.75,0.14,345.49
413,N,20513.97,20513.97,3424.65,0.14,346.13
414,I,16549.64,16549.64,710.48,0.08,491.9
415,G,17417.23,17417.23,1002.39,0.08,491.69
416,N,22754.76,22754.76,8331.25,0.08,491.33
417,Y,19217.55,19217.55,2047.57,0.08,491.53
418,I,14979.85,14979.85,381.13,0.08,492.3
419,P,16350.29,,,,
420,H,17466.68,17466.68,1022.26,0.08,491.61
421,V,15981.8,15981.8,567.17,0.08,492.02
422,T,17707.66,17707.66,1124.82,0.08,491.66
423,D,20665.81,20665.81,3637.3,0.08,491.38
424,G,17708.97,17708.97,1125.4,0.08,491.66
425,F,17422.66,17422.66,1004.56,0.13,578.37
426,R,19555.2,,,,
427,K,21644.2,,,,
428,M,23733.21,,,,
429,Y,25822.22,,,,
430,R,27911.22,,,,
431,L,30000.23,,,,
432,F,32089.24,,,,
433,L,34178.25,,,,
434,N,36267.25,,,,
435,E,38351.46,38351.46,4055711.78,0.0,7299.34
436,I,32034.37,32034.37,330836.99,0.0,7306.54
437,D,36378.04,36378.04,1853710.66,0.0,7299.35
438,E,35454.95,35454.95,1285256.78,0.0,7302.93
439,L,32904.93,32904.93,467320.08,0.0,7306.53
440,M,36445.07,36445.07,1903667.54,0.0,1856.73
441,D,38951.45,38951.45,5145725.44,0.0,1586.86
442,H,36633.85,36633.85,2051722.99,0.0,1583.57
443,N,41691.79,41691.79,15262163.57,0.0,1586.86
444,G,39419.03,39419.03,6194579.08,0.0,1585.21
445,P,35716.09,,,,
446,I,32110.35,32110.35,340961.68,0.0,1583.58
447,F,35008.19,35008.19,1076493.61,0.0,1585.21
448,A,38080.13,38080.13,3641805.37,0.0,1586.86
449,F,35593.29,35593.29,1357772.62,0.0,2254.0
450,E,21718.42,21718.42,5522.64,0.02,3730.66
451,S,23282.48,23282.48,10271.62,0.02,3731.09
452,C,27339.45,27339.45,51364.93,0.02,3731.62
453,Q,25544.29,25544.29,25197.39,0.02,3730.54
454,I,21958.6,21958.6,6074.77,0.01,3162.03
455,R,24450.07,24450.07,16323.68,0.01,1506.01
456,H,26530.72,26530.72,37266.59,0.01,1505.14
457,V,22377.94,22377.94,7174.36,0.01,1506.98
458,F,23115.11,23115.11,9611.69,0.01,1506.1
459,R,26133.23,26133.23,31829.58,0.01,1505.94
460,A,26593.48,26593.48,38206.18,0.01,1505.14
461,T,24918.46,24918.46,19657.22,0.01,1506.78
462,H,26414.64,26414.64,35589.27,0.01,1505.14
463,V,22377.94,22377.94,7174.36,0.01,1506.98
464,Y,23639.56,23639.56,11834.92,0.0,2169.13
465,A,27135.06,27135.06,47364.12,0.0,2042.3
466,K,26616.75,26616.75,38560.56,0.0,2031.01
467,F,26152.44,26152.44,32073.11,0.0,2031.03
468,L,23048.52,,,,
469,E,19927.51,19927.51,2713.74,0.03,5679.52
470,A,25453.02,25453.02,24301.23,0.0,1635.85
471,S,23640.62,23640.62,11839.87,0.03,3078.65
472,T,23262.12,23262.12,10188.96,0.03,1654.35
473,H,23025.22,23025.22,9274.97,0.03,1654.42
474,P,21997.95,,,,
475,D,20699.53,20699.53,3686.28,0.03,2089.26
476,Y,18900.29,18900.29,1805.41,0.03,2093.95
477,L,16308.03,16308.03,645.54,0.07,572.45
478,Q,18344.43,18344.43,1448.1,0.07,488.43
479,E,19734.98,19734.98,2514.16,0.07,488.13
480,P,18734.12,,,,
481,T,17419.06,17419.06,1003.12,0.07,488.75
482,R,20841.01,20841.01,3899.11,0.07,488.3
483,R,20957.11,20957.11,4082.91,0.07,488.3
484,N,23333.06,23333.06,10479.83,0.07,488.03
485,K,20841.01,20841.01,3899.11,0.07,488.3
486,L,16617.44,16617.44,729.85,0.07,523.19
487,F,17367.69,,,,
488,E,17978.09,,,,
489,S,18588.5,,,,
490,F,19198.91,,,,
491,W,19809.31,,,,
492,N,20401.5,20401.5,3275.2,0.11,1159.14
493,I,15820.67,15820.67,532.04,0.11,1158.93
494,T,16456.11,16456.11,684.6,0.11,1159.36
495,S,21504.48,21504.48,5073.23,0.11,1159.04
496,L,16576.37,16576.37,718.05,0.11,1158.49
497,M,16921.02,16921.02,823.27,0.11,1159.14
498,A,25394.77,25394.77,23746.12,0.01,4551.58
499,P,23307.31,,,,
500,F,21180.12,21180.12,4460.63,0.01,4862.26
501,K,24078.32,24078.32,14085.25,0.01,4906.06
502,K,24422.52,24422.52,16146.24,0.01,4945.84
503,I,20421.4,20421.4,3301.16,0.01,4897.78
504,V,18567.44,18567.44,1582.06,0.01,4848.16
505,P,20565.37,,,,
506,H,22506.44,22506.44,7549.62,0.01,4903.86
507,E,24436.77,24436.77,16237.75,0.01,4945.85
508,I,18548.89,18548.89,1570.46,0.01,20182.56
509,A,22316.7,22316.7,7002.15,0.01,25322.81
510,E,23014.13,23014.13,9234.24,0.01,25422.93
511,L,25000.72,25000.72,20309.38,0.0,1263.76
512,E,33272.45,33272.45,540678.95,0.0,7015.81
513,N,39636.88,39636.88,6753807.62,0.0,3125.21
514,H,39460.3,39460.3,6296864.86,0.0,3127.83
515,D,39363.05,39363.05,6058528.6,0.0,3127.83
516,I,32389.83,32389.83,380943.4,0.0,3130.47
517,P,33549.17,,,,
518,Y,34705.96,34705.96,954855.52,0.0,3127.84
519,F,36174.18,36174.18,1709679.94,0.0,4325.14
520,V,33751.08,,,,
521,L,31320.28,,,,
522,T,28889.49,,,,
523,C,26458.43,26458.43,36212.97,0.03,6246.8
524,G,24717.24,24717.24,18148.98,0.03,6246.96
525,G,22264.13,22264.13,6857.63,0.03,13181.31
526,T,22031.95,22031.95,6254.15,0.03,13179.25
527,I,18374.29,18374.29,1465.35,0.03,13103.61
528,V,16054.25,16054.25,583.71,0.03,12954.31
529,K,20406.54,20406.54,3281.75,0.03,13158.14
530,D,22725.2,22725.2,8234.13,0.03,13186.76
531,G,20237.73,20237.73,3069.16,0.03,13150.68
532,Y,20870.97,20870.97,3945.73,0.03,13165.6
533,G,21567.57,21567.57,5201.81,0.03,13174.53
534,R,22902.63,22902.63,8834.63,0.03,13186.08
535,D,23305.64,23305.64,10366.41,0.03,13190.42
536,I,22315.13,,,,
537,A,21314.39,,,,
538,D,20313.65,,,,
539,L,19312.92,,,,
540,F,18310.12,18310.12,1428.52,0.04,5269.92
541,Q,22574.0,22574.0,7754.7,0.03,8783.24
542,S,25185.89,25185.89,21857.54,0.03,8781.27
543,S,25766.29,25766.29,27517.27,0.03,8781.05
544,C,27213.21,27213.21,48855.67,0.03,8790.62
545,I,25389.18,25389.18,23693.49,0.0,6119.15
546,E,18745.26,18745.26,1697.7,0.04,1976.62
547,R,20305.74,20305.74,3153.1,0.04,1964.8
548,V,17755.49,17755.49,1146.36,0.04,1312.86
549,T,19319.42,19319.42,2132.02,0.04,1309.23
550,H,21636.86,21636.86,5346.79,0.04,1309.38
551,R,22115.27,22115.27,6464.35,0.04,1305.56
552,L,18452.43,18452.43,1511.5,0.04,1312.99
553,Q,19667.79,19667.79,2448.03,0.04,1309.26
554,Q,22043.88,22043.88,6283.83,0.04,1305.56
555,L,18336.28,18336.28,1443.43,0.04,1312.97
556,G,19145.23,19145.23,1989.66,0.04,1309.21
557,S,23669.1,23669.1,11974.43,0.04,1305.6
558,E,21642.48,21642.48,5358.73,0.04,1309.38
559,D,20209.68,20209.68,3035.19,0.04,1310.21
560,E,19379.56,19379.56,2183.5,0.04,3079.19
561,A,26078.93,26078.93,31151.19,0.0,1417.67
562,R,33463.51,33463.51,583255.34,0.0,826.3
563,Q,35043.44,35043.44,1091655.74,0.0,662.61
564,I,33886.36,33886.36,689789.95,0.0,7216.39
565,R,35720.15,35720.15,1427860.33,0.0,2319.56
566,Y,36296.48,36296.48,1794682.09,0.0,2314.81
567,I,30648.04,30648.04,190873.78,0.0,2814.63
568,K,33023.53,33023.53,489833.91,0.0,2815.0
569,S,37434.37,37434.37,2818704.61,0.0,2814.99
570,S,38474.98,38474.98,4259423.51,0.0,2815.39
571,L,32965.49,32965.49,478683.9,0.0,2815.0
572,A,24468.19,,,,
573,T,15923.85,15923.85,554.27,0.23,544.67
574,L,14123.97,14123.97,271.39,0.23,543.56
575,T,14702.29,14702.29,341.39,0.23,545.2
576,N,20334.44,20334.44,3189.2,0.23,545.98
577,G,18015.7,18015.7,1271.04,0.23,544.19
578,D,17900.29,17900.29,1214.15,0.23,544.21
579,W,12900.83,12900.83,167.05,0.23,544.64
580,T,15284.15,15284.15,430.03,0.23,544.92
581,P,16210.93,,,,
582,S,17086.24,17086.24,879.04,0.23,544.36
583,H,18007.05,18007.05,1266.68,0.23,546.2
584,E,16809.97,16809.97,787.78,0.23,544.42
585,K,15231.7,15231.7,421.18,0.23,542.94
586,T,16617.44,16617.44,729.85,0.23,546.48
587,P,15774.86,,,,
588,M,14880.81,14880.81,366.44,0.23,543.11
589,S,19115.17,19115.17,1966.07,0.23,546.07
590,P,17052.83,,,,
591,A,14939.01,14939.01,375.0,0.23,543.08
592,S,18476.4,18476.4,1525.94,0.23,546.14
593,A,18073.78,18073.78,1300.66,0.23,544.18
594,D,16958.76,16958.76,835.69,0.23,613.4
595,R,18481.3,18481.3,1528.91,0.08,237.88
596,E,19696.54,19696.54,2476.11,0.08,237.77
597,D,18772.83,18772.83,1716.38,0.08,237.87
598,G,17846.12,17846.12,1188.33,0.08,237.98
599,Y,18476.48,18476.48,1525.99,0.08,237.82
600,F,18313.49,18313.49,1430.43,0.07,357.46
601,L,27798.4,,,,
602,R,36968.53,36968.53,2343062.48,0.0,1833.73
603,E,38358.28,38358.28,4066709.41,0.0,1835.51
604,A,36858.28,36858.28,2242786.38,0.0,1831.96
605,Q,38089.34,38089.34,3655132.86,0.0,1506.49
606,A,38897.83,38897.83,5037422.67,0.0,1508.07
607,I,33508.42,33508.42,593741.4,0.0,1504.93
608,G,36232.14,36232.14,1749456.04,0.0,1506.49
609,D,39304.84,39304.84,5920225.47,0.0,1508.06
610,D,37278.88,37278.88,2650078.22,0.0,1506.49
611,I,32446.95,32446.95,389676.2,0.0,1796.09
612,L,33021.98,33021.98,489533.89,0.0,1797.66
613,A,36482.08,36482.08,1931828.18,0.0,3128.32
614,Q,38045.05,38045.05,3591466.81,0.0,3131.38
615,L,31663.67,,,,
616,I,25264.78,25264.78,22552.5,0.0,3256.33
617,W,30175.13,30175.13,158220.13,0.0,816.31
618,E,32613.6,32613.6,416311.37,0.0,816.31
619,D,33597.81,33597.81,615177.04,0.0,816.1
620,D,33427.29,33427.29,574935.7,0.0,816.31
621,R,33314.54,33314.54,549782.94,0.0,816.51
622,H,35099.52,35099.52,1116216.74,0.0,816.1
623,A,35005.58,35005.58,1075383.4,0.0,816.31
624,A,33889.53,33889.53,690659.24,0.0,816.31
625,Y,32322.52,32322.52,370905.51,0.0,816.31
626,L,29046.25,29046.25,101100.49,0.0,1274.39
627,I,23507.12,,,,
628,G,17924.47,17924.47,1225.85,0.07,1495.17
629,V,16359.74,16359.74,658.92,0.07,1496.74
630,S,21387.32,21387.32,4842.8,0.05,1389.27
631,V,17737.37,17737.37,1138.15,0.05,1393.48
632,G,19069.09,19069.09,1930.45,0.05,1391.36
633,M,20985.0,20985.0,4128.34,0.05,1391.27
634,N,23534.99,23534.99,11353.93,0.05,1389.23
635,E,20799.44,20799.44,3835.34,0.06,1217.63
636,A,36866.96,36866.96,2250520.68,0.0,1673.86
637,V,33677.15,33677.15,634849.34,0.0,2185.89
638,T,36571.0,36571.0,2001192.78,0.0,1222.57
639,V,34895.97,34895.97,1029616.82,0.0,1218.02
640,S,39124.64,39124.64,5511744.5,0.0,1222.57
641,P,35977.26,,,,
642,L,33038.77,33038.77,492805.03,0.0,1218.02
643,T,36165.83,36165.83,1704031.27,0.0,1221.95
644,P,36096.28,,,,
645,G,36222.78,36222.78,1742965.91,0.0,1222.57
646,I,34547.74,34547.74,896758.62,0.0,1218.02
647,Y,34891.94,34891.94,1027974.1,0.0,1220.28
648,D,38661.1,38661.1,4585840.04,0.0,1222.57
649,G,36580.36,36580.36,2008637.57,0.0,1218.01
650,T,38370.16,38370.16,4085912.37,0.0,1222.57
651,L,35592.41,35592.41,1357299.66,0.0,1218.02
652,G,36313.76,36313.76,1807029.08,0.0,3963.45
653,I,34298.61,,,,
654,V,32300.75,,,,
655,L,30302.88,,,,
656,F,28305.02,,,,
657,F,26307.16,,,,
658,D,24292.75,24292.75,15335.98,0.01,5051.52
659,Q,22668.12,22668.12,8049.74,0.01,5052.35
660,L,21161.64,21161.64,4428.04,0.01,5051.77
661,A,22144.4,22144.4,6539.49,0.01,5052.76
662,Q,23711.58,23711.58,12177.96,0.01,5051.76
663,Q,24872.41,24872.41,19301.34,0.01,5051.34
664,T,26641.07,26641.07,38934.43,0.01,1618.0
665,G,26869.17,26869.17,42622.12,0.01,1613.11
666,E,26235.7,26235.7,33150.24,0.01,1618.0
667,T,24615.54,24615.54,17431.23,0.01,1622.96
668,H,26980.52,26980.52,44547.35,0.01,1613.11
669,Y,25439.65,25439.65,24172.74,0.01,1622.94
670,R,26641.07,26641.07,38934.43,0.01,1618.0
671,H,27096.6,27096.6,46646.85,0.01,1613.11
672,A,27002.65,27002.65,44940.15,0.01,1617.99
673,A,25890.63,25890.63,28908.76,0.01,1622.93
674,D,26463.65,26463.65,36288.01,0.01,1613.12
675,A,26425.51,26425.51,35743.06,0.0,19452.43
676,L,24102.6,24102.6,14221.57,0.0,19446.99
677,L,23289.8,,,,
678,E,22488.63,,,,
679,G,21687.46,,,,
680,M,20886.28,,,,
681,F,20085.11,,,,
682,K,19236.33,19236.33,2062.88,0.08,811.42
683,Q,20366.38,20366.38,3229.87,0.07,754.99
684,L,17122.32,17122.32,891.71,0.07,756.21
685,K,17869.52,17869.52,1199.42,0.07,755.22
686,P,17652.31,,,,
687,E,17293.52,17293.52,954.38,0.07,755.75
688,L,15089.48,15089.48,398.07,0.07,756.82
689,M,18047.75,18047.75,1287.3,0.07,755.63
690,P,19132.74,,,,
691,S,20080.09,20080.09,2883.08,0.07,755.44
692,S,23210.7,23210.7,9983.23,0.07,754.9
693,A,21066.99,21066.99,4264.84,0.07,755.39
694,Y,19726.28,19726.28,2505.5,0.03,3508.41
695,F,36601.87,36601.87,2025852.27,0.0,2610.97
696,G,37888.46,37888.46,3375134.24,0.0,1909.5
697,L,35356.46,35356.46,1236003.81,0.0,1600.74
698,G,36339.06,36339.06,1825260.02,0.0,1602.18
699,S,40861.94,40861.94,10980693.14,0.0,1603.63
700,L,36106.91,36106.91,1664656.83,0.0,1602.18
701,F,35091.31,35091.31,1112585.93,0.0,2695.45
702,Y,34915.18,,,,
703,G,34752.67,,,,
704,L,34590.17,,,,
705,M,34427.67,,,,
706,V,34262.89,34262.89,800932.01,0.0,2580.97
707,L,33512.46,33512.46,594693.53,0.0,2582.69
708,G,36289.06,36289.06,1789412.93,0.0,2722.08
709,L,35305.48,35305.48,1211257.66,0.0,2205.66
710,Q,36810.4,36810.4,2200585.77,0.0,2203.9
711,R,38012.13,38012.13,3544863.09,0.0,1576.32
712,S,39807.23,39807.23,7226038.33,0.0,1576.86
713,D,38709.33,38709.33,4674437.27,0.0,1576.32
714,S,37495.16,37495.16,2887516.23,0.0,1575.79
715,H,38061.39,38061.39,3614818.78,0.0,1576.86
716,I,33266.41,33266.41,539384.03,0.0,1576.33
717,I,30819.55,30819.55,204313.37,0.0,1575.8
718,Q,35400.45,35400.45,1257764.26,0.0,1576.32
719,K,37291.12,37291.12,2662982.36,0.0,2470.72
720,A,37063.02,37063.02,2432572.25,0.0,2528.28
721,Y,34314.25,34314.25,817419.12,0.0,3432.0
722,E,35525.85,35525.85,1321923.24,0.0,3396.07
723,Y,34590.35,,,,
724,L,33618.41,,,,
725,K,32646.47,,,,
726,H,31674.53,,,,
727,L,30702.59,,,,
728,E,29730.65,,,,
729,E,28758.71,,,,
730,C,27786.77,,,,
731,V,26814.83,,,,
732,Q,25846.09,25846.09,28402.46,0.0,3547.35
733,H,27400.32,27400.32,52620.39,0.0,3546.96
734,E,26784.91,26784.91,41220.87,0.0,3547.15
735,E,24804.06,24804.06,18785.0,0.0,3547.42
736,T,25031.27,25031.27,20557.05,0.0,3547.25
737,P,25263.76,,,,
738,D,25490.51,25490.51,24665.4,0.0,3547.05
739,F,23874.03,23874.03,12988.63,0.0,3547.52
740,V,31447.52,,,,
741,S,39085.14,39085.14,5426034.36,0.0,1332.58
742,G,39313.26,39313.26,5940026.37,0.0,1333.71
743,L,35374.78,35374.78,1245020.28,0.0,1331.46
744,S,38678.88,38678.88,4618304.08,0.0,1332.58
745,G,39313.26,39313.26,5940026.37,0.0,1333.71
746,V,34674.3,34674.3,942935.83,0.0,1332.59
747,L,33564.91,33564.91,607198.81,0.0,1457.42
748,Y,34929.05,34929.05,1043219.22,0.0,2050.11
749,M,37977.95,37977.95,3497124.11,0.0,1791.77
750,L,35000.77,35000.77,1073329.85,0.0,2816.67
751,T,36092.55,36092.55,1655200.39,0.0,4686.29
752,K,38642.15,38642.15,4551492.96,0.0,4741.35
753,I,34181.36,34181.36,775438.12,0.0,4633.15
754,Y,34815.73,34815.73,997356.46,0.0,4686.3
755,Q,38349.88,38349.88,4053176.0,0.0,16962.55
756,L,35514.15,35514.15,1315799.57,0.0,28100.38
757,T,36090.47,36090.47,1653836.45,0.0,21007.61
758,N,41716.05,41716.05,15409748.23,0.0,16962.81
759,E,38935.2,38935.2,5112668.0,0.0,21008.71
760,P,37063.1,,,,
761,R,35196.25,35196.25,1159886.29,0.0,662.33
762,V,33343.12,33343.12,556052.66,0.0,660.92
763,F,33919.43,33919.43,698900.21,0.0,662.33
764,E,37392.44,37392.44,2772205.82,0.0,11328.18
765,V,32763.28,32763.28,441781.84,0.0,20372.62
766,A,36878.1,36878.1,2260489.28,0.0,20298.56
767,K,37462.05,37462.05,2849832.7,0.0,20698.12
768,T,37992.57,37992.57,3517455.68,0.0,4336.91
769,T,38463.86,38463.86,4240672.89,0.0,2610.61
770,A,38870.13,38870.13,4982356.39,0.0,2610.61
771,S,39856.76,39856.76,7369445.62,0.0,2610.61
772,R,39910.76,39910.76,7529019.34,0.0,2614.5
773,L,35620.03,35620.03,1372254.16,0.0,2610.61
774,S,32043.41,,,,
775,V,28486.81,,,,
776,L,24930.2,,,,
777,L,21373.6,,,,
778,D,17801.21,17801.21,1167.35,0.1,1050.58
779,S,19539.93,19539.93,2326.95,0.1,1050.68
780,K,19941.03,19941.03,2728.33,0.1,1051.08
781,Q,19480.56,19480.56,2272.78,0.1,1050.69
782,P,18571.54,,,,
783,D,17622.93,17622.93,1087.63,0.1,1051.07
784,T,16984.42,16984.42,844.24,0.1,1051.28
785,V,15529.89,15529.89,474.07,0.1,1052.0
786,L,14253.63,14253.63,285.72,0.1,1052.66
787,T,26472.68,,,,
788,G,38681.08,38681.08,4622341.46,0.0,4768.9
789,L,35338.51,35338.51,1227234.2,0.0,2870.02
790,S,38642.6,38642.6,4552302.58,0.0,2878.81
791,H,39388.32,39388.32,6119569.57,0.0,2887.72
792,G,38659.98,38659.98,4583814.05,0.0,2870.01
793,A,38696.59,38696.59,4650873.5,0.0,2887.72
794,A,37714.0,37714.0,3149423.6,0.0,2878.81
795,G,37539.89,37539.89,2939213.05,0.0,2878.81
796,F,37301.54,37301.54,2674011.04,0.0,3380.48
797,A,38041.75,38041.75,3586761.84,0.0,5035.76
798,L,34340.46,34340.46,825963.37,0.0,2870.52
799,A,36479.76,36479.76,1930046.71,0.0,2875.88
800,L,34336.42,34336.42,824639.54,0.0,2873.19
801,L,33121.68,33121.68,509284.5,0.0,2870.53
802,T,34890.17,34890.17,1027253.1,0.0,3024.69
803,Y,31811.19,31811.19,302803.12,0.0,1875.34
804,G,33707.03,33707.03,642420.0,0.0,1846.27
805,T,34171.33,34171.33,772358.91,0.0,1846.27
806,A,34747.65,34747.65,970779.6,0.0,1844.63
807,A,33595.01,33595.01,614494.01,0.0,1847.92
808,N,36430.74,36430.74,1892870.29,0.0,1844.63
809,D,34793.19,34793.19,988477.24,0.0,1812.29
810,E,19450.59,19450.59,2245.91,0.03,5070.21
811,Q,20603.23,20603.23,3548.1,0.03,4959.45
812,L,18925.79,18925.79,1823.76,0.03,5066.79
813,L,27595.48,,,,
814,K,36242.11,36242.11,1756383.48,0.0,6923.05
815,Q,38733.67,38733.67,4719786.69,0.0,6940.09
816,G,38679.67,38679.67,4619760.87,0.0,6923.04
817,H,38620.96,38620.96,4513390.89,0.0,6906.15
818,S,40952.43,40952.43,11382081.79,0.0,6940.09
819,Y,37867.15,37867.15,3346720.63,0.0,6923.04
820,L,26191.05,,,,
821,V,14481.51,14481.51,312.76,0.06,1162.8
822,Y,21999.33,21999.33,6173.73,0.01,1016.5
823,E,26266.51,26266.51,33557.99,0.0,1758.97
824,R,26217.44,26217.44,32910.95,0.0,1759.32
825,N,30734.55,30734.55,197538.24,0.0,1759.05
826,R,28939.41,28939.41,96904.65,0.0,1759.22
827,F,26501.81,26501.81,36841.54,0.0,1759.17
828,N,22958.47,22958.47,9032.55,0.06,1160.07
829,K,21638.36,21638.36,5349.98,0.05,1154.95
830,Q,21057.87,21057.87,4249.44,0.05,1154.97
831,E,20540.33,20540.33,3460.65,0.05,1156.7
832,N,21988.44,21988.44,6147.11,0.05,1154.94
833,N,24710.64,24710.64,18101.49,0.05,1153.2
834,W,19662.66,19662.66,2443.05,0.05,2904.13
835,V,18066.82,,,,
836,D,16455.59,16455.59,684.46,0.2,1081.93
837,L,12265.88,12265.88,129.85,0.2,1084.66
838,R,15931.66,15931.66,555.99,0.2,1082.26
839,K,17729.1,17729.1,1134.42,0.2,1084.65
840,G,17214.29,17214.29,924.85,0.2,1078.31
841,N,20516.36,20516.36,3427.9,0.2,1084.09
842,A,18546.24,18546.24,1568.81,0.2,1081.14
843,Y,15121.44,15121.44,403.15,0.2,1079.65
844,Q,17326.47,17326.47,966.94,0.2,1081.52
845,T,17438.64,17438.64,1010.95,0.2,1084.76
846,F,16458.85,16458.85,685.34,0.2,1078.67
847,W,28555.82,,,,
848,C,40653.62,40653.62,10109658.02,0.0,3203.02
849,H,40818.96,40818.96,10795062.69,0.0,3196.77
850,G,38639.71,38639.71,4547087.52,0.0,3209.27
851,A,38676.3,38676.3,4613587.78,0.0,3196.77
852,P,37399.18,,,,
853,G,36126.71,36126.71,1677784.77,0.0,3203.02
854,I,34447.67,34447.67,861853.85,0.0,3209.28
855,G,36180.7,36180.7,1714109.76,0.0,3196.78
856,I,34448.94,34448.94,862288.05,0.0,26254.61
857,S,38521.28,38521.28,4338376.87,0.0,3678.04
858,R,39910.13,39910.13,7527151.03,0.0,3692.61
859,L,35619.41,35619.41,1371914.53,0.0,3678.05
860,L,33118.18,33118.18,508579.18,0.0,3220.4
861,L,33118.18,33118.18,508578.36,0.0,3220.41
862,A,29824.23,,,,
863,Q,26544.05,,,,
864,F,23263.86,,,,
865,Y,19983.54,19983.54,2774.74,0.03,5713.4
866,D,22728.68,22728.68,8245.52,0.03,12084.64
867,D,21398.97,21398.97,4865.24,0.03,12087.48
868,E,20180.01,20180.01,2999.67,0.03,12093.87
869,L,17628.52,17628.52,1090.05,0.03,12122.15
870,L,20419.2,20419.2,3298.28,0.01,7224.06
871,H,36409.78,36409.78,1877199.08,0.0,7277.58
872,E,38165.82,38165.82,3767740.02,0.0,7250.33
873,E,36185.04,36185.04,1717066.94,0.0,7277.58
874,L,33460.43,33460.43,582544.63,0.0,7305.04
875,N,39312.32,39312.32,5937817.44,0.0,7250.33
876,A,34170.89,34170.89,772223.43,0.0,2417.33
877,A,27925.7,27925.7,64815.42,0.0,1727.88
878,L,24563.46,24563.46,17074.8,0.0,1724.41
879,N,29550.76,29550.76,123504.11,0.0,1727.88
880,K,30622.54,30622.54,188951.95,0.0,1136.32
881,T,29291.69,29291.69,111440.51,0.0,1135.75
882,I,25929.49,25929.49,29357.99,0.0,1135.17
883,S,29814.03,29814.03,137101.99,0.0,1135.75
884,D,31319.74,31319.74,249161.96,0.0,1136.33
885,G,27788.04,27788.04,61370.42,0.0,1135.18
886,F,28595.24,28595.24,84536.05,0.0,1135.75
887,G,29175.62,29175.62,106424.82,0.0,1135.75
888,H,29925.38,29925.38,143294.73,0.0,1135.75
889,N,32957.38,32957.38,477146.71,0.0,1136.33
890,H,30799.97,30799.97,202732.89,0.0,1135.19
891,S,34732.12,34732.12,964817.8,0.0,1997.17
892,L,29851.77,29851.77,139170.05,0.0,1986.98
893,C,33852.29,33852.29,680529.49,0.0,1992.03
894,H,34602.05,34602.05,916291.01,0.0,1992.03
895,G,38600.55,38600.55,4476993.34,0.0,1196.71
896,D,39222.31,39222.31,5729499.85,0.0,1196.09
897,F,35226.41,35226.41,1173850.94,0.0,1197.34
898,G,37832.72,37832.72,3301316.3,0.0,1196.71
899,N,41485.01,41485.01,14060051.59,0.0,1196.09
900,L,36153.7,36153.7,1695849.6,0.0,1197.34
901,D,37086.84,37086.84,2455663.79,0.0,1846.41
902,L,33319.0,33319.0,550756.72,0.0,1843.69
903,L,29695.26,,,,
904,L,26110.69,,,,
905,L,22526.11,,,,
906,Y,18932.96,18932.96,1828.96,0.03,13736.57
907,A,23799.54,23799.54,12610.43,0.01,2817.97
908,Q,23853.53,23853.53,12883.47,0.01,2816.52
909,Y,23107.08,23107.08,9581.14,0.01,2819.6
910,T,23700.62,23700.62,12125.07,0.01,2781.3
911,N,27821.43,27821.43,62188.89,0.01,2780.8
912,N,28513.84,28513.84,81849.58,0.01,2776.97
913,P,25170.97,,,,
914,E,21790.1,21790.1,5681.95,0.01,2785.83
915,P,22007.76,,,,
916,K,22191.48,22191.48,6662.78,0.01,2781.81
917,E,23871.59,23871.59,12976.08,0.01,2777.45
918,L,21173.15,21173.15,4448.31,0.01,2043.37
919,A,26124.14,26124.14,31715.04,0.0,2747.76
920,R,20110.49,20110.49,2918.07,0.06,1124.59
921,K,20683.0,20683.0,3662.19,0.06,1122.33
922,L,16974.41,16974.41,840.89,0.06,1125.01
923,A,18418.57,18418.57,1491.33,0.06,1122.54
924,I,15404.89,15404.89,451.14,0.06,1125.53
925,S,20454.81,20454.81,3345.2,0.06,1123.45
926,S,23527.28,23527.28,11319.26,0.06,1122.24
927,I,17148.71,17148.71,901.1,0.06,1124.97
928,D,19166.66,19166.66,2006.65,0.06,1053.24
929,Q,19225.28,19225.28,2053.86,0.06,1053.24
930,A,21077.76,21077.76,4283.11,0.06,1051.72
931,H,19861.94,19861.94,2644.05,0.06,1054.65
932,T,20626.7,20626.7,3581.29,0.06,1051.73
933,Y,19518.3,19518.3,2307.06,0.06,1054.67
934,G,20032.8,20032.8,2829.5,0.06,1051.76
935,W,18531.17,18531.17,1559.46,0.06,1054.73
936,K,19045.76,19045.76,1912.67,0.06,1051.81
937,L,17253.32,17253.32,939.29,0.06,1054.87
938,G,18523.13,18523.13,1554.49,0.06,1051.85
939,L,17543.79,17543.79,1054.01,0.06,1054.83
940,N,20199.55,,,,
941,H,22781.22,22781.22,8419.17,0.04,4303.63
942,S,24246.3,24246.3,15055.94,0.04,4275.99
943,D,23309.08,23309.08,10380.6,0.04,4303.92
944,Q,20291.15,20291.15,3134.9,0.04,4301.02
945,L,18784.26,18784.26,1724.18,0.04,4326.24
946,Q,26059.23,26059.23,30908.73,0.0,2402.42
947,G,27912.43,27912.43,64475.09,0.0,2408.79
948,M,27858.43,27858.43,63108.54,0.0,2402.44
949,M,27510.2,27510.2,54965.11,0.0,2402.44
950,L,24205.99,24205.99,14817.07,0.0,2396.02
951,G,36318.5,36318.5,1810431.78,0.0,2079.01
952,V,34661.29,34661.29,938079.83,0.0,1644.51
953,T,36514.45,36514.45,1956792.43,0.0,1646.33
954,G,38715.83,38715.83,4686510.59,0.0,1648.17
955,I,34496.67,34496.67,878771.89,0.0,1489.1
956,G,36233.76,36233.76,1750578.35,0.0,1490.74
957,Y,37152.34,37152.34,2520318.38,0.0,1635.24
958,Q,38367.09,38367.09,4080939.75,0.0,1636.97
959,L,35527.29,35527.29,1322681.39,0.0,1635.24
960,L,26452.56,26452.56,36128.67,0.0,4293.37
961,R,30279.03,30279.03,164878.44,0.0,4291.47
962,H,32243.53,32243.53,359462.93,0.0,4289.7
963,I,27916.87,27916.87,64588.71,0.0,4293.29
964,N,32538.44,32538.44,404080.52,0.0,4289.7
965,P,30891.32,,,,
966,T,29234.35,29234.35,108933.77,0.0,4291.49
967,V,28135.67,28135.67,70446.25,0.0,4293.28
968,P,29962.71,,,,
969,S,31783.96,31783.96,299548.77,0.0,4289.7
970,I,28537.89,28537.89,82634.47,0.0,4291.51
971,L,26332.43,26332.43,34447.2,0.0,4291.63
972,A,22052.3,,,,
973,L,17745.02,17745.02,1141.61,0.03,5265.02
974,E,19247.77,19247.77,2072.27,0.03,5145.51
975,L,16875.36,16875.36,808.49,0.03,5251.01
976,P,19395.63,,,,
977,S,21863.36,21863.36,5849.52,0.03,5223.65
978,S,24993.63,24993.63,20252.32,0.03,5161.29
979,T,22443.82,22443.82,7364.36,0.03,5224.99
980,L,18746.72,18746.72,1698.69,0.04,3114.29
981,T,18067.9,18067.9,1297.63,0.06,1366.86
982,E,20209.21,20209.21,3034.63,0.06,1363.89
983,K,18592.38,18592.38,1597.79,0.06,1366.77
984,E,21806.86,21806.86,5719.86,0.03,5001.54
985,L,27612.63,27612.63,57244.83,0.0,4976.26
986,R,31089.07,31089.07,227371.76,0.0,4988.5
987,I,28891.73,28891.73,95088.48,0.0,4963.95
988,H,30449.98,30449.98,176449.05,0.0,4976.22
989,D,33543.54,33543.54,602073.63,0.0,4979.99
990,R,33543.55,33543.55,602074.16,0.0,5276.43
