state,m_lipin,m_lipin,m_lipin,m_lipin,m_lipin,m_lipin
quantity,sequence,_dG,dG,pfact,k_obs,covariance
r_number,,,,,,
458,S,18676.6,18676.6,1652.08,0.27,1887.55
459,L,14042.3,14042.3,262.74,0.3,1919.7
460,R,14876.35,14876.35,365.79,0.3,2074.46
461,D,17356.22,17356.22,978.42,0.32,2716.65
462,L,11151.75,11151.75,83.46,0.31,2211.45
463,P,14484.26,,,,
464,S,16252.12,16252.12,631.38,0.32,2729.6
465,I,13073.19,13073.19,178.87,0.31,2114.91
466,A,14198.4,14198.4,279.53,0.32,2365.54
467,I,16040.96,,,,
468,S,15210.11,15210.11,417.59,0.5,458.47
469,L,12825.83,12825.83,162.15,0.48,473.23
470,C,16776.58,16776.58,777.42,0.5,457.72
471,G,16401.78,16401.78,670.0,0.74,267.43
472,G,14208.12,14208.12,280.61,0.74,268.28
473,L,11044.89,11044.89,80.0,0.72,271.39
474,S,14324.18,14324.18,293.83,0.74,268.24
475,D,15690.0,15690.0,505.16,0.75,267.06
476,H,12467.21,12467.21,140.65,0.68,285.66
477,R,14821.56,14821.56,357.93,0.78,256.95
478,E,13907.21,13907.21,249.03,0.77,257.74
479,I,8192.05,8192.05,25.79,0.74,265.96
480,T,11527.12,11527.12,96.86,0.77,259.09
481,K,14196.47,14196.47,279.31,0.77,257.64
482,D,14518.79,14518.79,317.42,0.78,257.02
483,A,12224.74,12224.74,127.75,0.77,258.55
484,F,11875.27,11875.27,111.21,0.77,258.8
485,L,11711.61,11711.61,104.22,0.43,616.02
486,E,15488.6,15488.6,466.37,0.15,713.39
487,Q,15978.22,15978.22,566.36,0.22,1018.46
488,A,17624.91,17624.91,1088.48,0.22,1061.04
489,V,11537.6,11537.6,97.27,0.3,2284.19
490,S,16744.95,16744.95,767.72,0.33,1973.86
491,Y,15616.91,15616.91,490.73,0.33,2039.27
492,Q,16069.51,16069.51,587.25,0.33,1975.37
493,Q,16965.92,16965.92,838.06,0.33,2138.61
494,F,15315.01,15315.01,435.33,0.31,2169.27
495,A,17633.08,17633.08,1092.02,0.16,520.6
496,D,18558.08,18558.08,1576.2,0.12,393.9
497,N,19754.67,19754.67,2533.89,0.12,396.53
498,P,19914.6,,,,
499,A,17401.18,17401.18,996.03,0.09,395.87
500,I,14555.74,14555.74,322.1,0.09,396.3
501,I,12813.99,12813.99,161.39,0.1,445.69
502,D,18390.08,18390.08,1474.57,0.08,446.5
503,D,18681.64,18681.64,1655.39,0.08,446.48
504,P,20841.36,,,,
505,N,20572.62,20572.62,3505.28,0.08,445.52
506,L,17634.64,17634.64,1092.7,0.08,446.56
507,V,15134.99,,,,
508,V,10742.77,10742.77,70.96,0.3,2250.97
509,K,14511.42,14511.42,316.49,0.31,2623.12
510,V,12259.84,12259.84,129.54,0.3,2149.14
511,G,14607.43,14607.43,328.78,0.31,2299.27
512,N,19389.85,19389.85,2192.44,0.31,2559.48
513,K,17221.55,17221.55,927.52,0.31,2265.58
514,Y,14723.68,14723.68,344.3,0.31,2296.87
515,Y,14354.7,14354.7,297.41,0.3,2086.28
516,N,18697.97,18697.97,1666.15,0.31,3912.46
517,W,15196.73,15196.73,415.38,0.29,2873.06
518,T,18321.38,18321.38,1434.92,0.07,704.87
519,T,21273.75,21273.75,4629.44,0.04,1634.23
520,A,21642.56,21642.56,5358.91,0.04,1539.2
521,A,20519.18,20519.18,3431.73,0.04,1633.99
522,P,20140.54,,,,
523,L,18457.84,18457.84,1514.74,0.01,744.52
524,L,18597.09,18597.09,1600.78,0.02,762.69
525,L,20397.53,20397.53,3270.04,0.01,744.67
526,A,12480.47,12480.47,141.39,0.65,295.98
527,M,13184.96,13184.96,186.99,0.78,250.66
528,Q,14205.52,14205.52,280.32,0.79,249.86
529,A,13660.5,13660.5,225.81,1.05,212.96
530,F,10968.45,10968.45,77.61,1.1,208.83
531,Q,11922.46,11922.46,113.31,1.73,207.74
532,K,12154.82,12154.82,124.25,1.73,207.81
533,P,14366.35,,,,
534,L,6398.29,6398.29,12.66,1.66,208.06
535,P,13082.84,,,,
536,K,9598.78,9598.78,45.07,1.71,206.41
537,A,11907.66,11907.66,112.65,1.74,209.56
538,T,10813.72,10813.72,72.99,1.73,207.88
539,V,8304.28,8304.28,26.97,1.7,206.81
540,E,9761.23,9761.23,48.07,1.72,208.07
541,S,12642.32,12642.32,150.77,1.64,206.76
542,I,8653.94,8653.94,30.98,1.74,207.14
543,M,9791.53,9791.53,48.65,1.74,207.93
544,R,12303.33,12303.33,131.8,1.75,207.58
545,D,12956.42,12956.42,170.78,1.83,211.28
546,K,9833.42,9833.42,49.47,1.79,207.75
547,M,11746.64,11746.64,105.68,1.81,209.41
548,P,15791.3,,,,
549,K,9479.95,9479.95,43.0,1.79,207.83
550,K,11571.82,11571.82,98.6,1.81,209.4
551,G,11630.16,11630.16,100.9,1.81,209.4
552,G,11921.76,11921.76,113.28,1.81,209.37
553,R,12548.05,12548.05,145.23,1.83,211.3
554,W,9993.32,9993.32,52.71,1.8,209.63
555,W,8584.7,8584.7,30.14,1.46,202.39
556,F,9565.42,9565.42,44.48,1.47,203.29
557,S,14201.07,14201.07,279.82,1.44,203.24
558,W,11027.36,11027.36,79.44,1.45,201.44
559,R,11478.19,11478.19,95.0,1.46,202.63
560,G,12759.05,12759.05,157.91,1.46,202.46
561,R,13108.07,13108.07,181.37,1.46,202.42
562,N,15765.77,15765.77,520.58,1.48,203.6
563,A,13561.07,13561.07,217.08,1.44,202.08
564,T,11291.35,11291.35,88.21,1.43,202.37
565,I,8609.91,8609.91,30.44,1.41,202.71
