state,SecB WT apo,SecB WT apo,SecB WT apo,SecB WT apo,SecB WT apo,SecB WT apo
quantity,sequence,_dG,dG,pfact,k_obs,covariance
r_number,,,,,,
10,T,20191.33,20191.33,3013.18,0.05,1796.07
11,F,19768.52,19768.52,2547.85,0.05,1791.13
12,Q,21769.46,21769.46,5635.62,0.04,1236.36
13,I,18051.21,18051.21,1289.06,0.03,1245.17
14,Q,20113.83,20113.83,2921.93,0.03,1240.56
15,R,22698.2,22698.2,8146.4,0.04,1236.31
16,I,18167.37,18167.37,1349.87,0.03,1245.14
17,Y,18197.58,18197.58,1366.14,0.03,1240.92
18,T,20366.81,,,,
19,K,22940.47,22940.47,8968.28,0.02,3477.46
20,D,23261.37,23261.37,10185.96,0.02,3362.97
21,I,16755.92,16755.92,771.07,0.02,3579.24
22,S,22237.6,22237.6,6785.81,0.03,505.66
23,F,21803.29,21803.29,5711.77,0.03,508.69
24,E,21165.56,21165.56,4434.93,0.03,508.69
25,A,18871.16,18871.16,1784.66,0.06,172.77
26,P,19597.83,,,,
27,N,21122.23,21122.23,4359.35,0.06,172.27
28,A,21495.98,21495.98,5056.15,0.06,179.5
29,P,19488.47,,,,
30,H,18213.9,18213.9,1375.02,0.06,172.34
31,V,16753.58,16753.58,770.35,0.06,165.09
32,F,17463.25,17463.25,1020.87,0.06,172.38
33,Q,20065.2,20065.2,2866.11,0.07,382.88
34,K,20043.16,20043.16,2841.15,0.08,684.79
35,D,20223.32,20223.32,3051.66,0.08,910.85
36,W,15565.98,15565.98,480.91,0.08,929.49
37,Q,18642.25,18642.25,1629.72,0.08,949.02
38,P,17662.48,,,,
39,E,16838.68,16838.68,796.81,0.08,967.46
40,V,13960.68,13960.68,254.37,0.08,958.22
41,K,17795.21,17795.21,1164.57,0.09,979.29
42,L,16024.89,16024.89,576.95,0.09,1103.08
43,D,18418.95,18418.95,1491.55,0.08,344.96
44,L,14876.39,14876.39,365.8,0.07,357.0
45,D,18595.1,18595.1,1599.52,0.07,359.24
46,T,17982.78,17982.78,1254.54,0.07,385.11
47,A,20784.53,20784.53,3812.72,0.06,454.34
48,S,21771.44,21771.44,5640.03,0.06,454.34
49,S,23482.84,23482.84,11121.43,0.06,453.76
50,Q,21713.39,21713.39,5511.62,0.06,454.34
51,L,17446.06,17446.06,1013.93,0.06,455.05
52,A,18136.91,18136.91,1333.65,0.07,304.42
53,D,19908.98,19908.98,2693.85,0.07,304.85
54,D,18894.01,18894.01,1800.91,0.07,304.48
55,V,14374.12,14374.12,299.71,0.07,361.79
56,Y,17078.14,17078.14,876.22,0.07,362.17
57,E,19629.55,19629.55,2411.17,0.05,845.78
58,V,20456.06,,,,
59,V,21365.18,,,,
60,L,22274.29,,,,
61,R,23183.4,,,,
62,V,24406.25,24406.25,16042.3,0.0,223.96
63,T,26272.01,26272.01,33631.24,0.0,807.94
64,V,24645.63,24645.63,17640.61,0.0,915.98
65,T,25605.96,25605.96,25821.46,0.0,312.79
66,A,27956.25,27956.25,65605.93,0.0,322.62
67,S,25596.8,25596.8,25727.8,0.01,620.63
68,L,21824.05,21824.05,5759.0,0.01,620.72
69,G,20357.62,20357.62,3218.68,0.03,818.29
70,E,22043.36,22043.36,6282.52,0.03,820.22
71,E,20215.89,20215.89,3042.68,0.03,819.36
72,T,20123.18,20123.18,2932.79,0.03,850.41
73,A,22502.95,22502.95,7539.18,0.03,851.18
74,F,19977.03,19977.03,2767.58,0.03,850.9
75,L,19229.61,19229.61,2057.39,0.02,1201.33
76,C,37880.38,37880.38,3364333.93,0.0,4063.39
77,E,38040.92,38040.92,3585583.15,0.0,3582.29
78,V,30610.05,30610.05,188018.03,0.0,3497.92
79,Q,35055.8,35055.8,1097021.59,0.0,3766.57
80,Q,37001.53,37001.53,2373946.72,0.0,3847.09
81,G,36506.73,36506.73,1950811.71,0.0,3766.56
82,G,36332.62,36332.62,1820603.35,0.0,3766.56
83,I,32297.54,32297.54,367247.26,0.0,3692.2
84,F,32764.8,32764.8,442048.74,0.0,3847.11
85,S,24302.99,,,,
86,I,15868.34,15868.34,542.2,0.1,1800.43
87,A,17003.08,17003.08,850.51,0.1,1816.91
88,G,18137.18,18137.18,1333.79,0.1,1834.62
89,I,15112.23,15112.23,401.68,0.1,1801.75
90,E,16364.72,16364.72,660.22,0.1,1817.6
91,G,17295.38,17295.38,955.09,0.1,1816.64
92,T,18919.87,18919.87,1819.49,0.1,1815.62
93,Q,19821.17,19821.17,2601.62,0.1,1833.86
94,M,19428.94,19428.94,2226.7,0.1,3044.38
95,A,22190.23,,,,
96,H,24971.43,,,,
97,C,27752.63,,,,
98,L,30533.83,,,,
99,G,33315.04,,,,
100,A,36045.54,36045.54,1624613.92,0.0,2272.36
101,Y,33547.33,33547.33,602978.09,0.0,2303.22
102,C,39342.25,39342.25,6008744.01,0.0,2151.43
103,P,38152.44,,,,
104,N,36932.36,36932.36,2309681.08,0.0,2171.68
105,I,33101.89,33101.89,505302.38,0.0,2171.69
106,L,30808.06,30808.06,203384.66,0.0,2192.24
107,F,32853.18,32853.18,457823.42,0.0,3424.03
108,P,32696.92,,,,
109,Y,32566.17,32566.17,408549.86,0.0,4177.53
110,A,35788.67,35788.67,1467204.67,0.0,4090.41
111,R,35962.78,35962.78,1572138.2,0.0,4090.41
112,E,36137.79,36137.79,1685177.26,0.0,4090.41
113,C,38199.01,38199.01,3817682.7,0.0,5412.53
114,I,34293.61,,,,
115,T,30522.12,30522.12,181571.98,0.0,1639.82
116,S,35515.77,35515.77,1316648.91,0.0,1641.33
117,M,32592.91,32592.91,412907.16,0.0,8798.63
118,V,26263.59,26263.59,33519.13,0.0,1888.04
119,S,28504.46,28504.46,81545.58,0.0,629.1
120,R,29345.83,29345.83,113860.05,0.0,614.23
121,G,28272.31,28272.31,74370.36,0.0,629.1
122,T,27749.96,27749.96,60450.29,0.0,629.1
123,F,26937.42,26937.42,43792.06,0.0,629.1
124,P,26407.57,,,,
125,Q,26124.87,26124.87,31724.24,0.0,629.1
126,L,24805.63,24805.63,18796.67,0.0,366.06
127,N,20638.27,20638.27,3597.77,0.08,1183.08
128,L,16842.94,16842.94,798.16,0.1,1083.97
129,A,16960.98,16960.98,836.42,0.11,1374.36
130,P,14989.18,,,,
131,V,12767.03,12767.03,158.42,0.11,1388.44
132,N,20213.02,20213.02,3039.22,0.11,1374.28
133,F,18672.67,18672.67,1649.51,0.11,1381.22
134,D,18621.52,,,,
135,A,18444.82,,,,
136,L,18268.12,,,,
137,F,18091.43,,,,
138,M,17791.4,17791.4,1162.81,0.14,1180.78
139,N,20851.2,20851.2,3914.91,0.15,912.3
140,Y,17642.56,17642.56,1096.14,0.15,826.55
141,L,14252.43,14252.43,285.59,0.15,759.83
142,Q,16362.86,16362.86,659.73,0.16,671.49
143,Q,18730.9,18730.9,1688.06,0.16,668.87
144,Q,18730.9,18730.9,1688.06,0.16,668.87
145,A,18395.67,18395.67,1477.84,0.16,671.22
146,G,17086.29,17086.29,879.06,0.16,676.1
147,E,17557.28,17557.28,1059.67,0.16,666.71
148,G,16216.67,16216.67,622.56,0.16,676.25
149,T,17788.68,17788.68,1161.56,0.16,666.69
150,E,17757.81,17757.81,1147.42,0.16,671.28
151,E,15752.68,15752.68,517.88,0.16,676.36
152,H,16372.88,16372.88,662.36,0.16,740.81
153,Q,18770.45,18770.45,1714.76,0.16,740.51
154,D,19048.15,19048.15,1914.48,0.16,740.48
155,A,19329.11,19329.11,2140.24,0.0,2708.35
