state,D3,D3,D3,D3,D3,D3
quantity,sequence,_dG,dG,pfact,k_obs,covariance
r_number,,,,,,
5,A,15810.35,15810.35,529.87,0.36,1797.8
6,A,15242.42,15242.42,422.97,0.35,1337.19
7,S,17446.42,17446.42,1014.07,0.35,1159.79
8,T,16743.13,16743.13,767.17,0.33,889.46
9,S,18699.45,18699.45,1667.13,0.33,915.29
10,L,13881.43,13881.43,246.5,0.32,742.7
11,P,14349.04,,,,
12,D,14791.93,14791.93,353.75,0.31,636.23
13,P,14437.28,,,,
14,G,14052.74,14052.74,263.83,0.3,620.57
15,D,17175.74,17175.74,910.81,0.31,635.26
16,F,13179.58,13179.58,186.59,0.3,621.46
17,D,16700.26,16700.26,754.23,0.29,504.92
18,R,15359.26,15359.26,443.04,0.27,406.82
19,N,20045.73,20045.73,2844.05,0.27,414.85
20,V,13740.02,13740.02,233.05,0.27,414.66
21,P,14411.75,,,,
22,R,15003.08,15003.08,384.66,0.27,422.86
23,I,12981.86,12981.86,172.51,0.27,415.19
24,C,18208.65,18208.65,1372.15,0.27,417.77
25,G,19000.27,19000.27,1878.46,0.26,532.2
26,V,13394.0,13394.0,203.15,0.22,462.4
27,C,19567.15,19567.15,2352.21,0.19,339.99
28,G,19887.74,19887.74,2671.25,0.19,311.25
29,D,18798.51,18798.51,1733.96,0.16,373.69
30,R,16752.88,16752.88,770.14,0.15,341.9
31,A,18791.41,18791.41,1729.08,0.14,297.83
32,T,17124.11,17124.11,892.35,0.14,295.69
33,G,18501.07,18501.07,1540.95,0.14,297.84
34,F,17124.11,17124.11,892.35,0.14,295.69
35,H,17929.23,17929.23,1228.17,0.14,320.6
36,F,17851.18,17851.18,1190.72,0.11,271.49
37,N,22041.33,22041.33,6277.46,0.08,368.24
38,A,20715.07,20715.07,3709.09,0.08,367.8
39,M,20214.62,,,,
40,T,19511.88,19511.88,2301.2,0.07,1604.05
41,C,24020.82,24020.82,13767.55,0.07,1605.37
42,E,21825.49,21825.49,5762.28,0.07,1604.61
43,G,19110.01,19110.01,1962.05,0.05,2339.47
44,C,26580.95,26580.95,38016.69,0.02,2187.62
45,K,24202.33,24202.33,14795.55,0.03,1126.6
46,G,21764.48,21764.48,5624.49,0.03,1126.79
47,F,20835.68,20835.68,3890.88,0.03,1126.93
48,F,20369.86,,,,
49,R,19907.21,19907.21,2691.97,0.08,1385.63
50,R,20826.67,20826.67,3876.99,0.08,1386.77
51,S,22500.63,22500.63,7532.24,0.08,1387.93
52,M,20122.16,20122.16,2931.61,0.1,779.81
53,K,18854.11,18854.11,1772.63,0.1,778.37
54,R,19029.5,19029.5,1900.37,0.13,1062.82
55,K,20087.44,20087.44,2891.51,0.08,796.17
56,A,19748.43,19748.43,2527.62,0.08,795.43
57,L,15691.29,15691.29,505.42,0.08,795.55
58,F,16815.56,,,,
59,T,17868.22,17868.22,1198.8,0.12,676.26
60,C,22677.78,22677.78,8080.66,0.12,678.0
61,P,18948.64,,,,
62,F,15145.76,15145.76,407.06,0.12,675.03
63,N,21110.51,21110.51,4339.12,0.12,678.06
64,G,19610.36,19610.36,2392.89,0.12,676.03
65,D,19504.28,19504.28,2294.26,0.12,673.94
66,C,19978.44,19978.44,2769.13,0.15,978.61
67,R,21070.78,21070.78,4271.26,0.15,982.92
68,I,18635.84,,,,
69,T,16132.47,16132.47,602.1,0.12,550.39
70,K,18795.62,18795.62,1731.97,0.13,551.7
71,D,19144.78,19144.78,1989.3,0.13,551.66
72,N,19667.9,19667.9,2448.14,0.13,551.62
73,R,20179.92,20179.92,2999.57,0.13,553.39
74,R,19608.53,19608.53,2391.15,0.13,551.63
75,H,19090.43,19090.43,1946.86,0.12,549.89
76,C,22573.29,22573.29,7752.53,0.13,553.3
77,Q,21408.2,21408.2,4883.1,0.13,551.53
78,A,19037.08,19037.08,1906.09,0.12,549.89
79,C,20998.79,20998.79,4150.99,0.15,803.48
80,R,21047.5,21047.5,4232.0,0.15,807.16
81,L,20449.52,,,,
82,K,19821.81,,,,
83,R,19194.11,,,,
84,C,18566.4,,,,
85,V,17938.7,,,,
86,D,17299.63,17299.63,956.7,0.14,1106.37
87,I,12243.54,12243.54,128.71,0.14,1108.04
88,G,16570.69,16570.69,716.44,0.11,653.56
89,M,19260.23,19260.23,2082.54,0.1,583.56
90,M,18921.05,18921.05,1820.34,0.1,582.28
91,K,18746.84,18746.84,1698.77,0.1,582.3
92,E,18206.54,18206.54,1371.01,0.11,1175.83
93,F,17344.25,17344.25,973.79,0.06,2190.15
94,I,15715.08,15715.08,510.22,0.06,2191.44
95,L,14464.27,14464.27,310.62,0.07,996.47
96,T,16971.83,16971.83,840.03,0.09,1212.97
97,D,19880.27,19880.27,2663.35,0.11,773.01
98,E,16473.52,16473.52,689.34,0.11,769.49
99,E,16629.69,16629.69,733.41,0.11,773.61
100,V,12789.97,12789.97,159.86,0.13,1082.02
101,Q,17117.99,17117.99,890.18,0.14,714.03
102,R,19199.59,19199.59,2033.04,0.14,716.51
103,K,18491.48,18491.48,1535.1,0.15,969.67
104,R,19230.55,19230.55,2058.16,0.12,674.69
105,E,18718.12,18718.12,1679.53,0.12,672.9
106,M,17838.74,17838.74,1184.86,0.09,566.74
107,I,15163.46,15163.46,409.93,0.09,567.39
108,L,14033.74,14033.74,261.85,0.09,512.05
109,K,17294.54,17294.54,954.77,0.09,1161.84
110,R,19391.09,19391.09,2193.52,0.11,677.05
111,K,19284.25,19284.25,2102.48,0.11,675.4
112,E,18297.96,18297.96,1421.64,0.11,675.52
113,E,16740.54,16740.54,766.38,0.11,674.18
114,E,17357.99,17357.99,979.11,0.08,714.63
115,A,17986.75,17986.75,1256.52,0.08,715.45
116,L,15504.71,15504.71,469.36,0.08,714.27
117,K,16605.02,16605.02,726.26,0.12,426.38
118,D,19497.45,19497.45,2288.06,0.11,473.35
119,S,18676.29,18676.29,1651.88,0.14,339.96
120,L,15911.56,15911.56,551.58,0.14,319.12
121,R,16527.09,16527.09,704.15,0.16,360.3
122,P,16203.66,,,,
123,K,15663.97,15663.97,499.97,0.16,358.81
124,L,14625.7,14625.7,331.17,0.16,357.45
125,S,18082.7,18082.7,1305.27,0.17,396.9
126,E,18176.97,18176.97,1355.01,0.17,441.1
127,E,15581.9,15581.9,483.96,0.17,436.84
128,Q,16551.81,16551.81,711.09,0.17,480.74
129,Q,18702.37,18702.37,1669.06,0.16,637.23
130,R,20651.26,20651.26,3616.35,0.08,362.08
131,I,27858.32,27858.32,63105.64,0.0,4028.9
132,I,25265.5,25265.5,22558.96,0.0,4027.15
133,A,29483.38,29483.38,120246.22,0.0,4028.84
134,I,23003.14,,,,
135,L,16409.82,16409.82,672.14,0.03,793.4
136,L,22972.12,22972.12,9081.59,0.0,858.59
137,D,26910.22,26910.22,43321.97,0.0,859.05
138,A,20550.93,20550.93,3475.24,0.03,602.9
139,H,20068.0,20068.0,2869.29,0.05,532.39
140,H,21165.97,21165.97,4435.65,0.05,531.83
141,K,21005.72,21005.72,4162.43,0.05,532.09
142,T,19119.74,19119.74,1969.64,0.09,535.65
143,Y,18524.2,18524.2,1555.15,0.08,486.17
144,D,19784.15,19784.15,2563.69,0.08,487.4
145,P,18568.63,,,,
146,T,17130.2,17130.2,894.51,0.08,486.34
147,Y,18515.09,18515.09,1549.54,0.08,486.83
148,S,21350.82,21350.82,4773.18,0.08,487.34
149,D,21253.69,21253.69,4592.75,0.08,486.03
150,F,21901.99,,,,
151,C,22390.88,22390.88,7211.3,0.1,669.75
152,Q,22346.44,22346.44,7085.26,0.09,587.65
153,F,18799.65,18799.65,1734.74,0.08,547.4
154,R,20182.7,20182.7,3002.87,0.07,530.4
155,P,18215.33,,,,
156,P,16123.04,,,,
157,V,13924.58,13924.58,250.75,0.07,531.1
158,R,19021.5,19021.5,1894.35,0.07,530.47
159,V,15029.81,15029.81,388.76,0.13,916.74
160,N,19352.68,19352.68,2160.34,0.16,404.22
161,D,19398.25,19398.25,2199.76,0.18,532.53
162,G,15958.56,15958.56,561.96,0.16,360.08
163,G,17982.06,17982.06,1254.18,0.17,361.59
164,G,17982.07,17982.07,1254.19,0.17,361.58
165,S,20295.87,20295.87,3140.78,0.17,363.26
166,H,18848.45,18848.45,1768.65,0.17,361.52
167,P,18482.59,,,,
168,S,17932.79,17932.79,1229.91,0.16,359.8
169,R,19366.94,19366.94,2172.6,0.17,363.3
170,P,19094.71,,,,
171,N,18629.7,18629.7,1621.63,0.16,359.75
172,S,21166.65,21166.65,4436.85,0.17,363.23
173,R,19375.75,19375.75,2180.21,0.17,361.49
174,H,18383.88,18383.88,1470.94,0.17,361.55
175,T,17888.07,17888.07,1208.27,0.16,359.81
176,P,17990.41,,,,
177,S,17922.32,17922.32,1224.81,0.17,361.93
178,F,17526.2,17526.2,1046.68,0.16,359.84
179,S,19301.67,19301.67,2117.06,0.19,564.24
180,G,18386.73,18386.73,1472.61,0.19,558.71
181,D,18386.73,18386.73,1472.61,0.19,559.0
182,S,18909.11,,,,
183,S,19403.21,,,,
184,S,19897.31,,,,
185,S,20391.41,,,,
186,C,20885.5,,,,
187,S,21379.6,,,,
188,D,21873.7,,,,
189,H,22367.8,,,,
190,C,22836.7,22836.7,8606.54,0.11,1082.15
191,I,17140.07,17140.07,898.02,0.11,797.86
192,T,16452.09,16452.09,683.51,0.11,796.08
193,S,21495.12,21495.12,5054.43,0.11,797.29
194,S,22066.26,22066.26,6339.87,0.11,799.29
195,D,20509.01,20509.01,3417.92,0.11,797.35
196,M,19239.8,,,,
197,M,17904.26,17904.26,1216.06,0.16,529.34
198,D,18424.82,18424.82,1495.03,0.16,488.05
199,S,18384.13,18384.13,1471.09,0.16,435.72
200,S,21300.46,21300.46,4678.75,0.15,371.08
201,S,21300.46,21300.46,4678.75,0.15,371.08
202,F,17771.91,17771.91,1153.86,0.15,368.92
203,S,19800.36,19800.36,2580.23,0.16,404.41
204,N,21881.28,21881.28,5891.24,0.16,406.22
205,L,15801.14,15801.14,527.94,0.16,403.04
206,D,16564.82,16564.82,714.77,0.16,677.75
207,L,13227.03,13227.03,190.13,0.14,526.49
208,S,18342.61,18342.61,1447.06,0.15,454.88
209,E,18365.77,18365.77,1460.41,0.16,421.43
210,E,15770.88,15770.88,521.64,0.16,417.87
211,D,16982.3,16982.3,843.53,0.16,419.6
212,S,18343.87,18343.87,1447.78,0.16,399.47
213,D,19553.8,19553.8,2339.78,0.16,401.32
214,D,16785.14,16785.14,780.06,0.16,397.74
215,P,17465.49,,,,
216,S,17985.16,17985.16,1255.73,0.16,401.43
217,V,14922.55,14922.55,372.56,0.16,398.18
218,T,16009.66,16009.66,573.47,0.16,401.73
219,L,14783.6,14783.6,352.58,0.18,477.78
220,E,14740.9,,,,
221,L,14646.27,14646.27,333.88,0.08,1449.25
222,S,19806.9,19806.9,2586.94,0.08,1448.34
223,Q,20958.57,20958.57,4085.28,0.08,1450.06
224,L,16679.93,16679.93,748.17,0.08,1447.5
225,S,20825.57,20825.57,3875.31,0.06,1333.82
226,M,22513.11,22513.11,7569.63,0.04,1710.33
227,L,18119.65,18119.65,1324.55,0.04,1719.62
228,P,19008.0,,,,
229,H,19839.21,19839.21,2620.31,0.03,1719.97
230,L,19063.4,19063.4,1926.1,0.03,1714.03
231,A,20085.66,20085.66,2889.47,0.03,1716.69
232,D,21781.87,21781.87,5663.41,0.03,2507.52
233,L,16660.26,16660.26,742.35,0.04,2766.03
234,V,27164.92,27164.92,47928.48,0.0,3515.18
235,S,33771.74,33771.74,659126.87,0.0,3509.32
236,Y,32620.47,32620.47,417447.32,0.0,3515.12
237,S,29595.37,,,,
238,I,26551.05,26551.05,37568.37,0.0,4289.6
239,Q,28050.55,28050.55,68106.72,0.0,4294.17
240,K,31781.63,31781.63,299272.56,0.0,3834.56
241,V,27496.34,27496.34,54663.61,0.0,3839.99
242,I,27422.64,27422.64,53088.45,0.0,3748.18
243,G,30944.01,30944.01,214655.54,0.0,3257.39
244,F,30740.78,30740.78,198027.53,0.0,1936.19
245,A,21217.06,21217.06,4526.47,0.04,953.25
246,K,20457.66,20457.66,3349.0,0.04,833.13
247,M,20751.09,20751.09,3762.47,0.05,734.44
248,I,16416.8,16416.8,674.0,0.05,663.94
249,P,17550.31,,,,
250,G,18445.7,18445.7,1507.46,0.05,618.09
251,F,19872.89,19872.89,2655.56,0.05,666.95
252,R,20934.35,20934.35,4046.22,0.05,613.19
253,D,21970.71,21970.71,6104.03,0.05,612.5
254,L,15935.25,15935.25,556.79,0.05,878.32
255,T,16649.37,,,,
256,S,17295.55,,,,
257,E,17941.73,,,,
258,D,18587.91,,,,
259,Q,19234.09,,,,
260,I,19880.27,,,,
261,V,20526.45,,,,
262,L,21172.63,,,,
263,L,21818.81,,,,
264,K,22466.05,22466.05,7429.6,0.01,2466.26
265,S,26761.09,26761.09,40833.2,0.01,2466.01
266,S,27796.3,27796.3,61571.93,0.01,2463.32
267,A,25658.35,25658.35,26363.78,0.01,2466.04
268,I,19689.06,19689.06,2468.78,0.01,2469.62
269,E,21935.05,21935.05,6018.28,0.01,2463.66
270,V,21599.89,,,,
271,I,21256.3,,,,
272,M,20912.71,,,,
273,L,20569.12,,,,
274,R,20232.67,20232.67,3063.01,0.04,5813.32
275,S,24402.55,24402.55,16018.82,0.04,5814.76
276,N,25553.88,25553.88,25293.43,0.04,5819.3
277,E,22207.29,22207.29,6704.71,0.04,5811.47
278,S,22247.28,22247.28,6811.92,0.04,5820.43
279,F,21326.2,21326.2,4726.78,0.04,5816.32
280,T,19857.59,19857.59,2639.49,0.06,1727.07
281,M,21009.24,21009.24,4168.24,0.06,1725.57
282,D,21116.64,21116.64,4349.69,0.06,1724.21
283,D,19275.1,19275.1,2094.87,0.06,2025.83
284,M,16896.44,16896.44,815.28,0.12,875.26
285,S,20820.41,20820.41,3867.38,0.12,643.2
286,W,17435.7,17435.7,1009.77,0.12,541.97
287,T,17038.2,17038.2,862.44,0.11,540.57
288,C,22826.09,22826.09,8570.41,0.12,543.09
289,G,21103.05,21103.05,4326.3,0.11,540.18
290,N,21897.37,21897.37,5928.98,0.12,543.11
291,Q,20281.14,20281.14,3122.47,0.12,541.69
292,D,19817.44,19817.44,2597.78,0.12,541.72
293,Y,19270.07,,,,
294,K,18642.73,18642.73,1630.03,0.09,1132.52
295,Y,17722.86,17722.86,1131.62,0.09,1130.78
296,R,19134.61,19134.61,1981.29,0.1,420.98
297,V,15461.11,15461.11,461.31,0.11,332.48
298,S,19576.89,19576.89,2361.32,0.11,332.84
299,D,20555.88,20555.88,3482.07,0.11,333.6
300,V,12689.21,12689.21,153.6,0.13,374.59
301,T,16932.82,16932.82,827.13,0.11,312.55
302,K,19073.09,19073.09,1933.52,0.11,313.18
303,A,18849.44,18849.44,1769.34,0.11,312.41
304,G,17986.97,17986.97,1256.63,0.11,311.69
305,H,19076.97,19076.97,1936.5,0.11,312.4
306,S,21408.6,21408.6,4883.87,0.11,313.11
307,L,16526.1,16526.1,703.87,0.11,312.6
308,E,15984.29,15984.29,567.73,0.13,374.33
309,L,14281.14,14281.14,288.86,0.1,307.6
310,I,21840.02,21840.02,5795.6,0.0,5089.62
311,E,27453.35,27453.35,53739.22,0.0,1706.51
312,P,27346.49,,,,
313,L,27197.18,27197.18,48545.92,0.0,1404.35
314,I,26510.21,26510.21,36964.55,0.0,1404.0
315,K,30379.78,30379.78,171602.48,0.0,1404.69
316,F,26816.68,,,,
317,Q,23202.5,23202.5,9950.81,0.02,1923.9
318,V,20990.54,20990.54,4137.43,0.01,682.27
319,G,24317.3,24317.3,15486.08,0.01,941.29
320,L,24448.52,24448.52,16313.64,0.0,1153.34
321,K,25377.17,25377.17,23580.83,0.0,1153.32
322,K,27993.72,27993.72,66588.32,0.0,1808.09
323,L,19857.39,19857.39,2639.28,0.02,2232.22
324,N,23040.18,23040.18,9330.15,0.03,1672.21
325,L,20254.69,20254.69,3089.88,0.03,1182.86
326,H,20472.67,20472.67,3368.99,0.03,1184.6
327,E,22223.61,22223.61,6748.26,0.03,1186.24
328,E,20257.38,20257.38,3093.18,0.03,1182.86
329,E,20277.16,20277.16,3117.55,0.03,2355.47
330,H,20852.08,20852.08,3916.28,0.03,2355.39
331,V,23291.54,,,,
332,L,25740.28,,,,
333,L,28189.01,,,,
334,M,30637.75,,,,
335,A,33105.43,33105.43,506012.25,0.0,1696.84
336,I,28249.16,28249.16,73690.68,0.0,1695.28
337,C,33486.22,33486.22,588535.86,0.0,1031.0
338,I,23681.57,23681.57,12033.8,0.01,1074.61
339,V,13657.92,13657.92,225.58,0.08,556.96
340,S,20623.16,20623.16,3576.27,0.07,524.51
341,P,19725.44,,,,
342,D,18584.0,18584.0,1592.49,0.07,498.36
343,R,18798.57,18798.57,1733.99,0.07,498.94
344,P,18444.0,,,,
345,G,17819.13,17819.13,1175.67,0.07,498.73
346,V,16317.7,16317.7,648.02,0.07,498.66
347,Q,18922.52,18922.52,1821.4,0.07,498.63
348,D,21120.29,21120.29,4355.99,0.07,498.83
349,A,17689.88,17689.88,1116.91,0.09,902.48
350,A,21946.87,21946.87,6046.56,0.02,1945.18
351,L,29059.59,29059.59,101636.93,0.0,8209.26
352,I,26989.2,26989.2,44701.04,0.0,8220.85
353,E,30462.89,30462.89,177355.21,0.0,8214.87
354,A,31570.99,31570.99,275278.35,0.0,37991.13
355,I,21630.38,21630.38,5333.06,0.01,3290.44
356,Q,20971.44,20971.44,4106.19,0.02,2783.79
357,D,23690.87,23690.87,12078.28,0.02,2744.25
358,R,24891.0,24891.0,19444.22,0.01,7451.34
359,L,24524.92,24524.92,16815.68,0.0,2276.55
360,S,27769.28,27769.28,60915.38,0.0,1465.22
361,N,31416.23,31416.23,258884.83,0.0,1482.14
362,T,28672.99,28672.99,87184.6,0.0,998.47
363,L,25552.64,25552.64,25280.96,0.0,780.35
364,Q,26856.34,26856.34,42405.75,0.0,941.48
365,T,28481.41,28481.41,80803.34,0.0,941.48
366,Y,28951.14,28951.14,97356.39,0.0,1870.21
367,I,23814.84,,,,
368,R,18646.83,18646.83,1632.68,0.07,1172.0
369,C,24375.06,24375.06,15845.05,0.07,1171.73
370,R,23056.47,23056.47,9390.65,0.07,849.03
371,H,20613.75,20613.75,3562.95,0.07,849.13
372,P,20170.56,,,,
373,P,19680.28,,,,
374,P,19189.99,,,,
375,G,18635.26,18635.26,1625.21,0.05,841.61
376,S,23318.8,23318.8,10420.7,0.05,839.79
377,H,21872.33,21872.33,5870.37,0.05,840.62
378,L,17942.34,17942.34,1234.57,0.05,840.88
379,L,15325.83,15325.83,437.21,0.06,852.42
380,Y,29671.01,29671.01,129539.13,0.0,3138.0
381,A,32745.2,32745.2,438624.61,0.0,2603.01
382,K,32241.79,32241.79,359214.6,0.0,2593.56
383,M,33084.68,33084.68,501863.76,0.0,4157.15
384,I,28255.17,28255.17,73866.54,0.0,4954.09
385,Q,29176.41,29176.41,106458.24,0.0,2215.96
386,K,31082.16,31082.16,226749.31,0.0,2212.05
387,L,26408.65,26408.65,35504.78,0.0,2306.75
388,A,27850.14,27850.14,62901.19,0.0,2310.02
389,D,28244.48,28244.48,73553.9,0.0,2686.67
390,L,23263.09,23263.09,10192.9,0.0,2668.88
391,R,20802.02,20802.02,3839.27,0.03,1741.52
392,S,24391.84,24391.84,15950.88,0.04,1149.35
393,L,19360.46,19360.46,2167.02,0.04,1152.9
394,N,21619.93,21619.93,5311.0,0.05,961.06
395,E,21396.5,21396.5,4860.47,0.05,947.29
396,E,18678.95,18678.95,1653.62,0.05,948.39
397,H,19244.62,19244.62,2069.68,0.05,947.42
398,S,23431.14,23431.14,10895.66,0.05,946.33
399,K,21685.84,21685.84,5451.71,0.05,947.28
400,Q,21221.45,21221.45,4534.37,0.05,947.3
401,Y,19524.09,19524.09,2312.37,0.06,1022.99
402,R,20392.08,20392.08,3262.98,0.06,1735.43
403,C,24503.9,24503.9,16676.06,0.06,1735.8
404,L,19463.15,19463.15,2257.13,0.06,1735.58
405,S,18916.68,,,,
406,F,18336.28,18336.28,1443.42,0.12,730.7
407,Q,18666.1,18666.1,1645.22,0.12,735.06
408,P,17342.56,,,,
409,E,15954.96,15954.96,561.16,0.12,731.33
410,C,20709.33,20709.33,3700.65,0.12,732.65
411,S,23310.34,23310.34,10385.78,0.12,734.77
412,M,19188.53,19188.53,2024.13,0.14,729.46
413,K,18039.29,18039.29,1282.98,0.14,596.6
414,L,15327.51,15327.51,437.5,0.12,592.03
415,T,16656.28,16656.28,741.18,0.11,522.18
416,P,15167.7,,,,
417,L,13523.51,13523.51,213.87,0.11,522.22
418,V,13007.77,13007.77,174.29,0.11,521.37
419,L,14100.18,14100.18,268.84,0.11,522.68
420,E,14121.04,,,,
421,V,14013.46,14013.46,259.75,0.08,640.97
422,F,16486.4,16486.4,692.87,0.09,536.13
423,G,18868.01,18868.01,1782.43,0.09,535.79
424,N,22516.2,22516.2,7578.9,0.09,536.46
425,E,19530.19,19530.19,2317.98,0.11,592.05
426,I,12823.23,12823.23,161.99,0.12,711.15
427,S,12618.7,12618.7,149.36,0.02,819.87
