state,M9Q,M9Q,M9Q,M9Q,M9Q,M9Q
quantity,sequence,_dG,dG,pfact,k_obs,covariance
r_number,,,,,,
5,A,15803.95,15803.95,528.52,0.37,1819.83
6,A,15239.2,15239.2,422.43,0.35,1345.5
7,S,17442.68,17442.68,1012.57,0.35,1167.56
8,T,16736.11,16736.11,765.03,0.33,898.95
9,S,18692.43,18692.43,1662.49,0.34,925.15
10,L,13875.84,13875.84,245.95,0.32,748.67
11,P,14339.62,,,,
12,D,14779.44,14779.44,352.0,0.31,646.81
13,P,14424.22,,,,
14,G,14040.25,14040.25,262.53,0.31,630.77
15,D,17163.28,17163.28,906.32,0.31,645.81
16,F,13167.07,13167.07,185.66,0.31,631.68
17,D,16692.34,16692.34,751.86,0.29,509.68
18,R,15356.5,15356.5,442.56,0.27,407.9
19,N,20042.97,20042.97,2840.94,0.27,415.97
20,V,13741.1,13741.1,233.15,0.27,414.21
21,P,14412.94,,,,
22,R,15004.15,15004.15,384.82,0.27,422.4
23,I,12982.94,12982.94,172.58,0.27,414.73
24,C,18209.73,18209.73,1372.74,0.27,417.32
25,G,19013.73,19013.73,1888.51,0.26,524.88
26,V,13427.65,13427.65,205.88,0.21,452.75
27,C,19572.41,19572.41,2357.13,0.19,340.34
28,G,19890.63,19890.63,2674.32,0.19,311.97
29,D,18791.94,18791.94,1729.44,0.16,374.08
30,R,16741.16,16741.16,766.57,0.16,342.74
31,A,18780.91,18780.91,1721.89,0.14,298.13
32,T,17113.61,17113.61,888.64,0.14,295.96
33,G,18490.57,18490.57,1534.54,0.14,298.14
34,F,17113.61,17113.61,888.64,0.14,295.96
35,H,17910.96,17910.96,1219.3,0.14,320.85
36,F,17829.74,17829.74,1180.64,0.11,270.93
37,N,22013.83,22013.83,6209.35,0.09,364.87
38,A,20687.56,20687.56,3668.82,0.09,364.4
39,M,20189.44,,,,
40,T,19488.96,19488.96,2280.36,0.07,1578.48
41,C,23997.9,23997.9,13642.95,0.07,1580.07
42,E,21802.57,21802.57,5710.13,0.07,1579.18
43,G,19106.31,19106.31,1959.17,0.05,2207.75
44,C,26651.65,26651.65,39098.08,0.02,2195.4
45,K,24376.19,24376.19,15852.12,0.03,1161.31
46,G,21938.36,21938.36,6026.18,0.03,1161.49
47,F,21009.57,21009.57,4168.79,0.03,1161.61
48,F,20430.54,,,,
49,R,19855.67,19855.67,2637.48,0.08,1339.28
50,R,20775.13,20775.13,3798.53,0.08,1340.69
51,S,22449.11,22449.11,7379.82,0.08,1342.1
52,M,20019.28,20019.28,2814.36,0.1,770.62
53,K,18751.21,18751.21,1701.72,0.1,769.04
54,R,18888.89,18888.89,1797.26,0.13,1075.88
55,K,20006.8,20006.8,2800.46,0.08,776.62
56,A,19667.78,19667.78,2448.02,0.08,775.81
57,L,15610.51,15610.51,489.48,0.08,775.89
58,F,16758.95,,,,
59,T,17835.27,17835.27,1183.23,0.12,673.74
60,C,22644.85,22644.85,7975.77,0.12,675.53
61,P,18915.35,,,,
62,F,15112.75,15112.75,401.76,0.12,672.48
63,N,21077.58,21077.58,4282.8,0.12,675.59
64,G,19577.42,19577.42,2361.82,0.12,673.52
65,D,19471.33,19471.33,2264.47,0.12,671.37
66,C,19902.01,19902.01,2686.42,0.15,994.03
67,R,20994.35,20994.35,4143.69,0.15,998.65
68,I,18636.0,,,,
69,T,16208.0,16208.0,620.42,0.12,548.55
70,K,18871.08,18871.08,1784.6,0.12,549.8
71,D,19220.23,19220.23,2049.75,0.12,549.77
72,N,19743.34,19743.34,2522.52,0.12,549.73
73,R,20255.36,20255.36,3090.7,0.12,551.41
74,R,19683.97,19683.97,2463.8,0.12,549.73
75,H,19165.87,19165.87,2006.02,0.12,548.07
76,C,22648.71,22648.71,7988.01,0.12,551.33
77,Q,21483.63,21483.63,5031.43,0.12,549.64
78,A,19112.53,19112.53,1964.01,0.12,548.07
79,C,21108.92,21108.92,4336.38,0.14,786.6
80,R,21157.64,21157.64,4421.01,0.14,789.96
81,L,20540.6,,,,
82,K,19891.88,,,,
83,R,19243.15,,,,
84,C,18594.43,,,,
85,V,17945.71,,,,
86,D,17285.72,17285.72,951.44,0.14,1107.56
87,I,12229.54,12229.54,127.99,0.14,1109.21
88,G,16554.36,16554.36,711.81,0.12,652.18
89,M,19257.68,19257.68,2080.43,0.1,580.7
90,M,18918.5,18918.5,1818.5,0.1,579.41
91,K,18744.3,18744.3,1697.06,0.1,579.43
92,E,18208.71,18208.71,1372.19,0.11,1171.02
93,F,17304.04,17304.04,958.38,0.06,2136.97
94,I,15674.84,15674.84,502.13,0.06,2138.26
95,L,14443.16,14443.16,308.03,0.08,998.51
96,T,16971.61,16971.61,839.96,0.09,1218.17
97,D,19802.67,19802.67,2582.6,0.12,773.86
98,E,16395.83,16395.83,668.42,0.12,770.23
99,E,16552.01,16552.01,711.15,0.12,774.49
100,V,12647.38,12647.38,151.07,0.14,1104.41
101,Q,17026.33,17026.33,858.39,0.15,728.12
102,R,19107.99,19107.99,1960.48,0.15,730.82
103,K,18457.9,18457.9,1514.78,0.15,975.88
104,R,19170.59,19170.59,2009.78,0.12,675.76
105,E,18658.16,18658.16,1640.04,0.12,673.86
106,M,17763.72,17763.72,1150.11,0.09,561.48
107,I,15088.31,15088.31,397.89,0.09,562.14
108,L,13994.02,13994.02,257.76,0.09,509.87
109,K,17395.0,17395.0,993.59,0.08,1186.03
110,R,19426.73,19426.73,2224.75,0.11,674.75
111,K,19319.89,19319.89,2132.42,0.11,673.14
112,E,18333.6,18333.6,1441.89,0.11,673.26
113,E,16776.21,16776.21,777.3,0.11,671.97
114,E,17273.61,17273.61,946.87,0.09,702.48
115,A,17902.39,17902.39,1215.16,0.09,703.4
116,L,15420.23,15420.23,453.89,0.09,702.04
117,K,16553.08,16553.08,711.45,0.12,427.6
118,D,19430.2,19430.2,2227.82,0.11,474.41
119,S,18640.07,18640.07,1628.31,0.14,342.7
120,L,15879.07,15879.07,544.51,0.14,321.56
121,R,16503.43,16503.43,697.57,0.16,363.14
122,P,16177.16,,,,
123,K,15640.3,15640.3,495.3,0.16,361.6
124,L,14602.02,14602.02,328.07,0.16,360.21
125,S,18067.27,18067.27,1297.31,0.17,398.96
126,E,18168.39,18168.39,1350.41,0.17,442.43
127,E,15573.32,15573.32,482.31,0.17,438.13
128,Q,16546.21,16546.21,709.51,0.17,481.64
129,Q,18700.21,18700.21,1667.63,0.16,637.82
130,R,20642.05,20642.05,3603.17,0.08,362.69
131,I,28415.83,28415.83,78728.21,0.0,3742.81
132,I,25823.04,25823.04,28143.85,0.0,3744.21
133,A,30040.9,30040.9,150014.42,0.0,3742.78
134,I,23215.54,,,,
135,L,16267.83,16267.83,635.32,0.04,749.18
136,L,22384.62,22384.62,7193.39,0.0,855.69
137,D,26322.76,26322.76,34315.34,0.0,855.93
138,A,20465.08,20465.08,3358.86,0.03,594.4
139,H,19995.4,19995.4,2787.83,0.05,514.79
140,H,21093.42,21093.42,4309.81,0.05,514.33
141,K,20933.16,20933.16,4044.3,0.05,514.54
142,T,19050.66,19050.66,1916.39,0.09,527.0
143,Y,18475.5,18475.5,1525.39,0.08,477.67
144,D,19735.48,19735.48,2514.67,0.08,478.96
145,P,18521.52,,,,
146,T,17081.48,17081.48,877.38,0.08,477.83
147,Y,18466.4,18466.4,1519.9,0.08,478.35
148,S,21302.16,21302.16,4681.92,0.08,478.89
149,D,21205.01,21205.01,4504.9,0.08,477.52
150,F,21859.94,,,,
151,C,22353.76,22353.76,7105.86,0.1,661.02
152,Q,22299.17,22299.17,6953.62,0.09,575.71
153,F,18762.25,18762.25,1709.19,0.08,532.77
154,R,20135.75,20135.75,2947.46,0.07,512.0
155,P,18171.75,,,,
156,P,16079.42,,,,
157,V,13877.46,13877.46,246.11,0.07,512.52
158,R,18974.55,18974.55,1859.39,0.07,512.07
159,V,14959.56,14959.56,378.07,0.13,920.99
160,N,19288.38,19288.38,2105.93,0.16,410.54
161,D,19333.35,19333.35,2143.84,0.18,546.06
162,G,15873.1,15873.1,543.23,0.17,368.96
163,G,17896.67,17896.67,1212.4,0.17,370.61
164,G,17896.67,17896.67,1212.41,0.17,370.61
165,S,20210.49,20210.49,3036.17,0.17,372.43
166,H,18763.07,18763.07,1709.75,0.17,370.54
167,P,18388.64,,,,
168,S,17847.43,17847.43,1188.95,0.17,368.67
169,R,19281.55,19281.55,2100.23,0.17,372.48
170,P,19000.77,,,,
171,N,18544.36,18544.36,1567.64,0.17,368.62
172,S,21081.28,21081.28,4289.09,0.17,372.41
173,R,19290.39,19290.39,2107.61,0.17,370.51
174,H,18298.5,18298.5,1421.95,0.17,370.58
175,T,17802.7,17802.7,1168.04,0.17,368.68
176,P,17896.63,,,,
177,S,17836.75,17836.75,1183.92,0.17,371.03
178,F,17440.82,17440.82,1011.82,0.17,368.72
179,S,19210.91,19210.91,2042.19,0.2,588.73
180,G,18295.98,18295.98,1420.53,0.2,582.6
181,D,18295.98,18295.98,1420.53,0.2,582.93
182,S,18801.25,,,,
183,S,19282.18,,,,
184,S,19763.11,,,,
185,S,20244.04,,,,
186,C,20724.98,,,,
187,S,21205.91,,,,
188,D,21686.84,,,,
189,H,22167.77,,,,
190,C,22624.89,22624.89,7912.88,0.12,1079.59
191,I,17013.45,17013.45,854.02,0.12,790.52
192,T,16325.42,16325.42,650.0,0.12,788.56
193,S,21368.62,21368.62,4807.01,0.12,789.92
194,S,21939.76,21939.76,6029.55,0.12,792.11
195,D,20382.49,20382.49,3250.59,0.12,789.98
196,M,19155.77,,,,
197,M,17865.5,17865.5,1197.51,0.16,533.83
198,D,18398.43,18398.43,1479.46,0.16,491.11
199,S,18379.18,18379.18,1468.2,0.16,435.08
200,S,21297.77,21297.77,4673.77,0.15,370.29
201,S,21297.77,21297.77,4673.77,0.15,370.29
202,F,17769.22,17769.22,1152.62,0.15,368.11
203,S,19803.05,19803.05,2582.98,0.16,402.83
204,N,21883.97,21883.97,5897.54,0.16,404.63
205,L,15803.83,15803.83,528.5,0.16,401.45
206,D,16549.38,16549.38,710.4,0.16,678.23
207,L,13162.66,13162.66,185.34,0.14,527.38
208,S,18291.41,18291.41,1417.95,0.15,457.94
209,E,18338.45,18338.45,1444.67,0.16,423.17
210,E,15743.54,15743.54,516.01,0.16,419.51
211,D,16954.97,16954.97,834.43,0.16,421.29
212,S,18286.43,18286.43,1415.16,0.16,406.65
213,D,19496.35,19496.35,2287.06,0.16,408.62
214,D,16727.67,16727.67,762.48,0.16,404.82
215,P,17402.98,,,,
216,S,17927.69,17927.69,1227.42,0.16,408.74
217,V,14864.99,14864.99,364.15,0.16,405.29
218,T,15952.13,15952.13,560.53,0.16,409.06
219,L,14753.92,14753.92,348.45,0.18,481.91
220,E,14709.74,,,,
221,L,14615.07,14615.07,329.78,0.08,1425.36
222,S,19775.78,19775.78,2555.2,0.08,1424.6
223,Q,20927.46,20927.46,4035.16,0.09,1426.47
224,L,16648.79,16648.79,738.98,0.08,1423.61
225,S,20514.58,20514.58,3425.48,0.06,1169.62
226,M,22018.75,22018.75,6221.49,0.05,917.87
227,L,17624.85,17624.85,1088.46,0.05,919.59
228,P,18564.64,,,,
229,H,19379.27,19379.27,2183.25,0.04,1065.25
230,L,18603.22,18603.22,1604.68,0.04,1066.27
231,A,19625.65,19625.65,2407.44,0.04,1065.73
232,D,21417.36,21417.36,4900.87,0.04,1078.31
233,L,16305.73,16305.73,644.95,0.04,1120.45
234,V,27161.43,27161.43,47862.2,0.0,2516.18
235,S,33768.25,33768.25,658214.8,0.0,2511.77
236,Y,32616.98,32616.98,416869.99,0.0,2516.15
237,S,28659.96,,,,
238,I,24670.35,24670.35,17814.44,0.0,1876.48
239,Q,26169.89,26169.89,32295.94,0.0,1877.05
240,K,29483.38,29483.38,120246.35,0.0,1852.68
241,V,25207.52,25207.52,22045.9,0.0,1859.08
242,I,26541.68,26541.68,37428.93,0.0,2596.19
243,G,30072.52,30072.52,151908.75,0.0,2599.11
244,F,28864.52,28864.52,94067.74,0.0,3072.25
245,A,21073.08,21073.08,4275.16,0.04,886.51
246,K,20317.24,20317.24,3167.51,0.04,765.61
247,M,20597.24,20597.24,3539.68,0.05,679.62
248,I,16268.0,16268.0,635.36,0.06,616.29
249,P,17414.79,,,,
250,G,18308.02,18308.02,1427.33,0.06,575.43
251,F,19734.4,19734.4,2513.59,0.05,617.77
252,R,20814.18,20814.18,3857.84,0.05,577.54
253,D,21850.57,21850.57,5819.92,0.05,576.99
254,L,15833.15,15833.15,534.68,0.05,837.78
255,T,16278.16,,,,
256,S,16652.2,,,,
257,E,17026.25,,,,
258,D,17400.29,,,,
259,Q,17774.33,,,,
260,I,18148.37,,,,
261,V,18522.41,,,,
262,L,18896.46,,,,
263,L,19270.5,,,,
264,K,19638.6,19638.6,2419.85,0.03,2874.41
265,S,23934.21,23934.21,13302.53,0.03,2873.94
266,S,24969.49,24969.49,20059.24,0.04,2879.24
267,A,22831.4,22831.4,8588.48,0.03,2874.0
268,I,16860.18,16860.18,803.63,0.03,2870.19
269,E,19116.93,19116.93,1967.44,0.03,2874.55
270,V,19306.34,,,,
271,I,19489.81,,,,
272,M,19673.28,,,,
273,L,19856.75,,,,
274,R,20035.12,20035.12,2832.1,0.04,5456.77
275,S,24214.52,24214.52,14867.3,0.04,5457.63
276,N,25365.86,25365.86,23475.29,0.04,5436.78
277,E,22019.24,22019.24,6222.69,0.04,5478.19
278,S,22059.23,22059.23,6322.22,0.04,5436.44
279,F,21138.14,21138.14,4386.95,0.04,5457.14
280,T,19867.96,19867.96,2650.37,0.06,1666.14
281,M,21019.6,21019.6,4185.42,0.06,1664.98
282,D,21127.01,21127.01,4367.63,0.06,1663.96
283,D,19284.08,19284.08,2102.34,0.06,1980.16
284,M,16923.63,16923.63,824.12,0.12,872.04
285,S,20826.27,20826.27,3876.38,0.12,641.76
286,W,17417.41,17417.41,1002.47,0.12,541.79
287,T,17019.9,17019.9,856.21,0.12,540.35
288,C,22807.81,22807.81,8508.48,0.12,542.94
289,G,21084.77,21084.77,4295.03,0.12,539.96
290,N,21879.09,21879.09,5886.14,0.12,542.96
291,Q,20262.86,20262.86,3099.91,0.12,541.51
292,D,19799.15,19799.15,2579.0,0.12,541.53
293,Y,19292.3,,,,
294,K,18705.9,18705.9,1671.4,0.09,1131.76
295,Y,17786.05,17786.05,1160.35,0.09,1129.98
296,R,18950.51,18950.51,1841.74,0.11,399.19
297,V,15150.55,15150.55,407.83,0.12,318.29
298,S,19266.94,19266.94,2088.09,0.12,318.79
299,D,20246.04,20246.04,3079.3,0.12,319.7
300,V,12153.54,12153.54,124.19,0.16,407.68
301,T,16372.9,16372.9,662.37,0.14,322.26
302,K,18513.59,18513.59,1548.62,0.14,323.27
303,A,18289.94,18289.94,1417.13,0.14,322.07
304,G,17427.37,17427.37,1006.43,0.14,320.94
305,H,18517.51,18517.51,1551.03,0.14,322.06
306,S,20849.3,20849.3,3911.96,0.14,323.18
307,L,15966.04,15966.04,563.63,0.14,322.32
308,E,15515.56,15515.56,471.39,0.15,397.79
309,L,13838.77,13838.77,242.36,0.11,299.11
310,I,21853.84,21853.84,5827.46,0.0,2797.9
311,E,27050.59,27050.59,45803.03,0.0,2791.98
312,P,26631.69,,,,
313,L,26165.45,26165.45,32239.08,0.0,1652.32
314,I,25478.47,25478.47,24547.89,0.0,1653.32
315,K,29348.07,29348.07,113961.06,0.0,1651.32
316,F,25986.26,,,,
317,Q,22573.31,22573.31,7752.59,0.03,2782.78
318,V,19149.39,19149.39,1992.94,0.02,1719.06
319,G,23867.59,23867.59,12955.5,0.01,1171.37
320,L,24757.03,24757.03,18437.77,0.0,1642.48
321,K,25685.67,25685.67,26651.14,0.0,1642.47
322,K,28220.42,28220.42,72855.09,0.0,1892.96
323,L,19212.58,19212.58,2043.54,0.03,5596.89
324,N,22946.69,22946.69,8990.46,0.03,1421.39
325,L,20118.65,20118.65,2927.53,0.03,1031.48
326,H,20336.62,20336.62,3191.97,0.03,1032.62
327,E,22087.58,22087.58,6393.73,0.03,1033.65
328,E,20121.34,20121.34,2930.65,0.03,1031.48
329,E,20360.62,20360.62,3222.5,0.03,1859.94
330,H,20935.53,20935.53,4048.11,0.03,1859.87
331,V,23356.5,,,,
332,L,25789.0,,,,
333,L,28221.49,,,,
334,M,30653.98,,,,
335,A,33106.28,33106.28,506183.91,0.0,1591.56
336,I,28250.02,28250.02,73715.64,0.0,1591.48
337,C,32704.58,32704.58,431611.83,0.0,2401.76
338,I,22652.25,22652.25,7999.21,0.01,1133.19
339,V,13539.18,13539.18,215.2,0.08,545.59
340,S,20463.05,20463.05,3356.16,0.08,508.61
341,P,19569.4,,,,
342,D,18430.9,18430.9,1498.64,0.07,481.21
343,R,18645.53,18645.53,1631.84,0.07,481.97
344,P,18292.16,,,,
345,G,17666.02,17666.02,1106.39,0.07,481.67
346,V,16164.48,16164.48,609.8,0.07,481.53
347,Q,18769.46,18769.46,1714.08,0.07,481.57
348,D,20967.3,20967.3,4099.45,0.07,481.85
349,A,17554.4,17554.4,1058.46,0.09,890.84
350,A,21906.26,21906.26,5949.93,0.03,1911.64
351,L,29061.43,29061.43,101711.19,0.0,1920.75
352,I,26991.04,26991.04,44733.64,0.0,1923.69
353,E,30464.73,30464.73,177484.67,0.0,1922.17
354,A,31571.32,31571.32,275314.85,0.0,11754.7
355,I,21250.85,21250.85,4587.58,0.01,3480.64
356,Q,20872.0,20872.0,3947.35,0.03,1900.9
357,D,23591.45,23591.45,11611.13,0.03,1892.69
358,R,24368.11,24368.11,15801.4,0.01,2419.04
359,L,24525.56,24525.56,16819.95,0.0,1765.97
360,S,27703.18,27703.18,59338.57,0.0,1555.0
361,N,31350.11,31350.11,252182.58,0.0,1571.13
362,T,28621.71,28621.71,85428.73,0.0,1055.18
363,L,25516.1,25516.1,24917.12,0.0,806.39
364,Q,26883.36,26883.36,42862.84,0.0,937.38
365,T,28508.43,28508.43,81674.32,0.0,937.38
366,Y,29031.32,29031.32,100503.2,0.0,1926.76
367,I,23804.88,,,,
368,R,18548.88,18548.88,1570.46,0.07,1113.8
369,C,24277.18,24277.18,15241.54,0.07,1114.05
370,R,22986.61,22986.61,9133.96,0.07,815.43
371,H,20543.89,20543.89,3465.54,0.07,815.52
372,P,20099.22,,,,
373,P,19606.04,,,,
374,P,19112.85,,,,
375,G,18550.89,18550.89,1571.71,0.05,790.9
376,S,23234.5,23234.5,10077.93,0.05,789.42
377,H,21788.01,21788.01,5677.23,0.05,790.08
378,L,17857.97,17857.97,1193.93,0.05,790.35
379,L,15282.6,15282.6,429.77,0.06,819.57
380,Y,29671.79,29671.79,129578.91,0.0,2954.53
381,A,32749.46,32749.46,439366.73,0.0,2206.17
382,K,32246.04,32246.04,359821.07,0.0,2200.35
383,M,33088.17,33088.17,502559.88,0.0,3102.01
384,I,27988.89,27988.89,66460.91,0.0,3757.91
385,Q,29108.47,29108.47,103627.3,0.0,2401.25
386,K,31014.23,31014.23,220719.75,0.0,2395.64
387,L,26152.29,26152.29,32071.25,0.0,2811.25
388,A,27593.78,27593.78,56818.35,0.0,2815.31
389,D,27956.75,27956.75,65618.79,0.0,2949.75
390,L,22975.33,22975.33,9093.18,0.0,2935.16
391,R,19759.15,19759.15,2538.39,0.04,822.5
392,S,23552.06,23552.06,11431.1,0.05,646.13
393,L,18520.07,18520.07,1552.61,0.05,647.07
394,N,20749.46,20749.46,3760.03,0.08,656.57
395,E,20210.42,20210.42,3036.08,0.08,566.76
396,E,17492.14,17492.14,1032.63,0.08,566.33
397,H,18058.15,18058.15,1292.62,0.08,566.94
398,S,22245.39,22245.39,6806.84,0.08,567.38
399,K,20499.79,20499.79,3405.43,0.08,566.75
400,Q,20035.35,20035.35,2832.36,0.08,566.77
401,Y,18309.2,18309.2,1428.0,0.09,603.87
402,R,19412.5,19412.5,2212.23,0.09,1378.83
403,C,23524.63,23524.63,11307.39,0.09,1380.82
404,L,18483.4,18483.4,1530.18,0.09,1379.03
405,S,18402.69,,,,
406,F,18288.06,18288.06,1416.07,0.12,733.69
407,Q,18617.88,18617.88,1614.04,0.12,738.19
408,P,17293.44,,,,
409,E,15906.69,15906.69,550.51,0.12,734.35
410,C,20661.13,20661.13,3630.55,0.12,735.7
411,S,23262.14,23262.14,10189.07,0.12,737.89
412,M,18886.85,18886.85,1795.81,0.16,781.76
413,K,17576.33,17576.33,1067.71,0.17,662.7
414,L,14592.57,14592.57,326.85,0.16,663.25
415,T,15890.68,15890.68,547.03,0.14,555.36
416,P,14373.77,,,,
417,L,12754.9,12754.9,157.65,0.14,555.12
418,V,12238.2,12238.2,128.43,0.14,553.51
419,L,13338.44,13338.44,198.72,0.14,554.53
420,E,13631.35,,,,
421,V,13815.16,13815.16,240.1,0.09,626.82
422,F,16369.15,16369.15,661.38,0.09,532.76
423,G,18750.86,18750.86,1701.48,0.09,532.4
424,N,22399.11,22399.11,7234.88,0.09,533.17
425,E,19470.79,19470.79,2263.98,0.11,590.85
426,I,12795.27,12795.27,160.2,0.12,709.64
427,S,12585.24,12585.24,147.39,0.02,817.32
