state,apo,apo,apo,apo,apo,apo
quantity,sequence,_dG,dG,pfact,k_obs,covariance
r_number,,,,,,
5,A,15873.27,15873.27,543.26,0.36,1641.8
6,A,15308.31,15308.31,434.18,0.34,1219.48
7,S,17504.2,17504.2,1037.59,0.34,1072.75
8,T,16792.44,16792.44,782.32,0.33,836.03
9,S,18748.76,18748.76,1700.06,0.33,859.66
10,L,13929.27,13929.27,251.22,0.31,702.29
11,P,14394.82,,,,
12,D,14832.54,14832.54,359.49,0.3,609.09
13,P,14479.58,,,,
14,G,14093.36,14093.36,268.12,0.3,594.44
15,D,17216.29,17216.29,925.58,0.3,608.18
16,F,13220.27,13220.27,189.62,0.3,595.26
17,D,16742.74,16742.74,767.05,0.28,484.55
18,R,15406.9,15406.9,451.49,0.26,390.1
19,N,20093.36,20093.36,2898.3,0.27,397.57
20,V,13790.04,13790.04,237.72,0.26,396.9
21,P,14466.71,,,,
22,R,15053.09,15053.09,392.37,0.26,404.5
23,I,13031.97,13031.97,175.97,0.26,397.39
24,C,18258.52,18258.52,1399.57,0.26,399.78
25,G,19069.46,19069.46,1930.73,0.26,500.58
26,V,13485.7,13485.7,210.68,0.21,441.28
27,C,19633.65,19633.65,2415.09,0.19,333.38
28,G,19954.48,19954.48,2742.93,0.18,305.85
29,D,18850.26,18850.26,1769.93,0.16,369.7
30,R,16800.27,16800.27,784.76,0.15,339.23
31,A,18821.47,18821.47,1749.82,0.14,297.25
32,T,17154.18,17154.18,903.06,0.14,295.13
33,G,18531.13,18531.13,1559.44,0.14,297.26
34,F,17154.18,17154.18,903.06,0.14,295.13
35,H,17968.02,17968.02,1247.22,0.13,320.12
36,F,17870.88,17870.88,1200.07,0.11,272.61
37,N,21995.88,21995.88,6165.3,0.09,369.08
38,A,20669.62,20669.62,3642.81,0.09,368.57
39,M,20229.62,,,,
40,T,19595.66,19595.66,2378.97,0.07,1600.1
41,C,24104.57,24104.57,14232.69,0.07,1601.55
42,E,21909.25,21909.25,5956.99,0.07,1600.73
43,G,19264.07,19264.07,2085.71,0.05,2095.27
44,C,31017.76,31017.76,221028.94,0.0,9175.61
45,K,24693.62,24693.62,17979.66,0.03,869.73
46,G,22255.82,22255.82,6835.05,0.03,869.53
47,F,21327.06,21327.06,4728.39,0.03,869.39
48,F,20698.04,,,,
49,R,20072.12,20072.12,2873.98,0.07,1383.35
50,R,20991.55,20991.55,4139.09,0.07,1384.61
51,S,22665.5,22665.5,8041.39,0.07,1385.88
52,M,20153.65,20153.65,2968.46,0.1,766.13
53,K,18885.61,18885.61,1794.92,0.1,764.65
54,R,18968.85,18968.85,1855.19,0.13,1062.49
55,K,20019.09,20019.09,2814.15,0.08,772.77
56,A,19680.07,19680.07,2459.99,0.08,771.86
57,L,15622.81,15622.81,491.88,0.08,771.83
58,F,16812.87,,,,
59,T,17929.32,17929.32,1228.21,0.12,670.32
60,C,22738.83,22738.83,8278.78,0.12,672.01
61,P,19011.22,,,,
62,F,15206.95,15206.95,417.06,0.12,669.12
63,N,21171.57,21171.57,4445.52,0.12,672.07
64,G,19671.43,19671.43,2451.57,0.12,670.1
65,D,19565.34,19565.34,2350.52,0.12,668.07
66,C,20023.87,20023.87,2819.49,0.15,968.17
67,R,21116.2,21116.2,4348.93,0.15,972.34
68,I,18654.23,,,,
69,T,16123.89,16123.89,600.06,0.13,551.21
70,K,18787.06,18787.06,1726.1,0.13,552.56
71,D,19136.22,19136.22,1982.56,0.13,552.53
72,N,19659.34,19659.34,2439.84,0.13,552.49
73,R,20171.36,20171.36,2989.4,0.13,554.3
74,R,19599.97,19599.97,2383.04,0.13,552.49
75,H,19081.86,19081.86,1940.26,0.13,550.71
76,C,22564.73,22564.73,7726.25,0.13,554.21
77,Q,21399.65,21399.65,4866.54,0.13,552.4
78,A,19028.52,19028.52,1899.63,0.13,550.71
79,C,21082.27,21082.27,4290.78,0.15,790.17
80,R,21130.99,21130.99,4374.52,0.15,793.61
81,L,20528.08,,,,
82,K,19893.96,,,,
83,R,19259.84,,,,
84,C,18625.72,,,,
85,V,17991.61,,,,
86,D,17345.67,17345.67,974.34,0.14,1094.73
87,I,12289.9,12289.9,131.09,0.14,1096.33
88,G,16590.99,16590.99,722.23,0.11,649.6
89,M,19307.45,19307.45,2121.92,0.1,577.44
90,M,18968.27,18968.27,1854.76,0.1,576.17
91,K,18794.07,18794.07,1730.9,0.1,576.19
92,E,18217.4,18217.4,1376.93,0.11,1165.94
93,F,17306.96,17306.96,959.49,0.06,2075.71
94,I,15677.76,15677.76,502.72,0.06,2076.99
95,L,14430.12,14430.12,306.44,0.08,970.88
96,T,16942.0,16942.0,830.15,0.09,1196.58
97,D,19846.98,19846.98,2628.4,0.11,769.97
98,E,16440.19,16440.19,680.29,0.11,766.31
99,E,16596.37,16596.37,723.77,0.11,770.58
100,V,12753.19,12753.19,157.55,0.13,1084.8
101,Q,17108.46,17108.46,886.82,0.14,715.07
102,R,19190.07,19190.07,2025.37,0.14,717.6
103,K,18513.95,18513.95,1548.84,0.15,963.21
104,R,19232.06,19232.06,2059.39,0.12,671.17
105,E,18719.63,18719.63,1680.53,0.12,669.33
106,M,17828.22,17828.22,1179.92,0.09,559.08
107,I,15152.92,15152.92,408.22,0.09,559.73
108,L,14011.1,14011.1,259.51,0.09,504.62
109,K,17226.56,17226.56,929.36,0.09,1137.41
110,R,19265.91,19265.91,2087.24,0.11,670.92
111,K,19159.06,19159.06,2000.61,0.11,669.1
112,E,18172.74,18172.74,1352.75,0.11,669.23
113,E,16615.25,16615.25,729.21,0.11,667.76
114,E,17219.47,17219.47,926.75,0.09,686.46
115,A,17848.27,17848.27,1189.35,0.09,687.45
116,L,15366.02,15366.02,444.23,0.09,685.95
117,K,16551.08,16551.08,710.89,0.12,424.76
118,D,19495.35,19495.35,2286.15,0.11,468.0
119,S,18673.05,18673.05,1649.76,0.14,339.52
120,L,15916.97,15916.97,552.76,0.14,318.55
121,R,16533.67,16533.67,705.99,0.16,359.76
122,P,16210.68,,,,
123,K,15670.55,15670.55,501.28,0.16,358.26
124,L,14632.28,14632.28,332.04,0.16,356.9
125,S,18102.72,18102.72,1315.68,0.16,393.81
126,E,18194.99,18194.99,1364.74,0.17,437.73
127,E,15599.94,15599.94,487.43,0.17,433.53
128,Q,16567.5,16567.5,715.53,0.17,477.43
129,Q,18744.05,18744.05,1696.89,0.16,628.37
130,R,20705.12,20705.12,3694.47,0.08,357.32
131,I,27841.67,27841.67,62690.23,0.0,4213.16
132,I,25248.86,25248.86,22410.46,0.0,4209.78
133,A,29466.73,29466.73,119454.67,0.0,4213.1
134,I,22227.7,,,,
135,L,14825.13,14825.13,358.44,0.06,461.04
136,L,16883.23,16883.23,811.01,0.03,598.08
137,D,20823.19,20823.19,3871.65,0.03,596.92
138,A,19011.27,19011.27,1886.68,0.05,344.91
139,H,18521.14,18521.14,1553.27,0.09,375.08
140,H,19619.98,19619.98,2402.03,0.09,376.37
141,K,19459.39,19459.39,2253.77,0.09,375.7
142,T,17593.11,17593.11,1074.84,0.16,565.3
143,Y,17195.32,17195.32,917.92,0.14,456.67
144,D,18455.81,18455.81,1513.53,0.14,460.07
145,P,17198.88,,,,
146,T,15800.5,15800.5,527.8,0.14,456.96
147,Y,17186.26,17186.26,914.62,0.14,458.44
148,S,20022.8,20022.8,2818.29,0.14,459.96
149,D,19925.55,19925.55,2711.63,0.14,456.41
150,F,20514.07,,,,
151,C,21013.16,21013.16,4174.72,0.17,789.88
152,Q,20883.54,20883.54,3965.47,0.15,614.23
153,F,17300.0,17300.0,956.84,0.14,528.14
154,R,18725.77,18725.77,1684.63,0.12,448.21
155,P,16726.42,,,,
156,P,14631.76,,,,
157,V,12460.39,12460.39,140.27,0.12,447.68
158,R,17564.2,17564.2,1062.58,0.12,448.33
159,V,13847.66,13847.66,243.22,0.2,1290.05
160,N,18776.07,18776.07,1718.58,0.2,540.44
161,D,19333.59,19333.59,2144.04,0.18,545.59
162,G,15879.9,15879.9,544.69,0.17,367.48
163,G,17903.46,17903.46,1215.68,0.17,369.11
164,G,17903.47,17903.47,1215.68,0.17,369.11
165,S,20217.29,20217.29,3044.37,0.17,370.92
166,H,18769.87,18769.87,1714.36,0.17,369.04
167,P,18396.44,,,,
168,S,17854.22,17854.22,1192.16,0.17,367.19
169,R,19288.35,19288.35,2105.9,0.17,370.96
170,P,19008.57,,,,
171,N,18551.15,18551.15,1571.87,0.17,367.13
172,S,21088.08,21088.08,4300.67,0.17,370.89
173,R,19297.19,19297.19,2113.3,0.17,369.01
174,H,18305.29,18305.29,1425.79,0.17,369.08
175,T,17809.49,17809.49,1171.19,0.17,367.19
176,P,17904.41,,,,
177,S,17843.57,17843.57,1187.13,0.17,369.52
178,F,17447.61,17447.61,1014.55,0.17,367.23
179,S,19190.2,19190.2,2025.47,0.2,594.92
180,G,18275.27,18275.27,1408.91,0.2,588.65
181,D,18275.27,18275.27,1408.91,0.2,588.99
182,S,18806.73,,,,
183,S,19314.72,,,,
184,S,19822.72,,,,
185,S,20330.71,,,,
186,C,20838.71,,,,
187,S,21346.7,,,,
188,D,21854.7,,,,
189,H,22362.69,,,,
190,C,22845.34,22845.34,8636.1,0.11,1075.26
191,I,17129.76,17129.76,894.35,0.11,793.44
192,T,16441.77,16441.77,680.71,0.11,791.59
193,S,21484.83,21484.83,5033.82,0.11,792.86
194,S,22055.96,22055.96,6314.03,0.11,794.92
195,D,20498.71,20498.71,3403.98,0.11,792.92
196,M,19227.38,,,,
197,M,17890.2,17890.2,1209.3,0.16,529.83
198,D,18442.96,18442.96,1505.83,0.16,484.22
199,S,18394.88,18394.88,1477.38,0.16,433.57
200,S,21305.84,21305.84,4688.75,0.15,369.77
201,S,21305.84,21305.84,4688.75,0.15,369.77
202,F,17777.29,17777.29,1156.32,0.15,367.6
203,S,19807.08,19807.08,2587.12,0.16,402.89
204,N,21888.0,21888.0,5906.98,0.16,404.7
205,L,15807.87,15807.87,529.35,0.16,401.51
206,D,16551.43,16551.43,710.98,0.16,679.44
207,L,13236.06,13236.06,190.81,0.14,520.75
208,S,18340.94,18340.94,1446.09,0.15,451.78
209,E,18381.57,18381.57,1469.59,0.16,417.58
210,E,15786.69,15786.69,524.92,0.16,414.07
211,D,16998.1,16998.1,848.83,0.16,415.78
212,S,18323.0,18323.0,1435.84,0.16,402.26
213,D,19532.93,19532.93,2320.49,0.16,404.16
214,D,16764.26,16764.26,773.62,0.16,400.49
215,P,17442.56,,,,
216,S,17964.28,17964.28,1245.37,0.16,404.28
217,V,14901.64,14901.64,369.48,0.16,400.94
218,T,15988.76,15988.76,568.73,0.16,404.59
219,L,14783.36,14783.36,352.55,0.18,477.1
220,E,14738.43,,,,
221,L,14641.26,14641.26,333.22,0.08,1420.72
222,S,19801.9,19801.9,2581.81,0.08,1420.03
223,Q,20953.57,20953.57,4077.19,0.08,1421.92
224,L,16674.93,16674.93,746.69,0.08,1418.99
225,S,18210.95,18210.95,1373.41,0.16,1006.68
226,M,19469.89,19469.89,2263.18,0.13,501.23
227,L,15072.28,15072.28,395.36,0.13,498.64
228,P,15978.29,,,,
229,H,16695.26,16695.26,752.73,0.11,395.43
230,L,15917.52,15917.52,552.88,0.11,393.53
231,A,16941.32,16941.32,829.92,0.11,394.37
232,D,18703.74,18703.74,1669.97,0.11,417.4
233,L,13661.39,13661.39,225.89,0.12,487.79
234,V,14287.11,14287.11,289.54,0.06,2037.13
235,S,20901.92,20901.92,3994.49,0.06,2033.6
236,Y,19750.26,19750.26,2529.46,0.06,2033.11
237,S,17989.87,,,,
238,I,16187.76,16187.76,615.46,0.09,726.53
239,Q,17689.21,17689.21,1116.61,0.09,727.53
240,K,19862.58,19862.58,2644.72,0.08,638.09
241,V,15573.01,15573.01,482.25,0.08,637.9
242,I,14938.16,14938.16,374.88,0.05,621.41
243,G,18473.87,18473.87,1524.41,0.05,620.67
244,F,20243.33,20243.33,3075.98,0.04,791.24
245,A,20768.62,20768.62,3788.72,0.05,835.1
246,K,20096.15,20096.15,2901.52,0.05,731.1
247,M,20620.04,20620.04,3571.84,0.05,682.21
248,I,16319.63,16319.63,648.51,0.06,623.72
249,P,17446.88,,,,
250,G,18333.09,18333.09,1441.6,0.06,573.17
251,F,19686.82,19686.82,2466.59,0.05,592.28
252,R,20790.6,20790.6,3821.91,0.05,564.94
253,D,21827.01,21827.01,5765.76,0.05,564.61
254,L,15750.48,15750.48,517.43,0.05,747.14
255,T,16231.95,,,,
256,S,16636.48,,,,
257,E,17041.02,,,,
258,D,17445.56,,,,
259,Q,17850.1,,,,
260,I,18254.64,,,,
261,V,18659.18,,,,
262,L,19063.72,,,,
263,L,19468.26,,,,
264,K,19865.92,19865.92,2648.23,0.03,2399.63
265,S,24161.46,24161.46,14557.56,0.03,2399.2
266,S,25196.73,25196.73,21951.72,0.03,2403.68
267,A,23058.65,23058.65,9398.8,0.03,2399.25
268,I,17087.67,17087.67,879.54,0.03,2396.16
269,E,19334.8,19334.8,2145.08,0.03,2404.27
270,V,19005.15,,,,
271,I,18659.15,,,,
272,M,18313.16,,,,
273,L,17967.17,,,,
274,R,17613.33,17613.33,1083.5,0.1,1075.28
275,S,21784.48,21784.48,5669.3,0.1,1077.16
276,N,22935.99,22935.99,8952.37,0.1,1079.63
277,E,19588.75,19588.75,2372.46,0.1,1074.86
278,S,19628.91,19628.91,2410.56,0.1,1079.89
279,F,18716.86,18716.86,1678.68,0.1,1075.01
280,T,19819.51,19819.51,2599.91,0.06,1584.87
281,M,20980.61,20980.61,4121.16,0.06,1584.75
282,D,21088.02,21088.02,4300.58,0.06,1584.13
283,D,19264.28,19264.28,2085.89,0.06,1924.18
284,M,15532.49,15532.49,474.56,0.2,1218.88
285,S,19588.2,19588.2,2371.94,0.19,817.74
286,W,16375.77,16375.77,663.12,0.18,624.55
287,T,15978.1,15978.1,566.33,0.17,621.1
288,C,21767.27,21767.27,5630.71,0.18,627.48
289,G,20044.21,20044.21,2842.34,0.17,620.35
290,N,20838.48,20838.48,3895.2,0.18,627.52
291,Q,19222.11,19222.11,2051.28,0.18,624.01
292,D,18758.32,18758.32,1706.53,0.18,624.06
293,Y,18190.91,,,,
294,K,17583.69,17583.69,1070.83,0.14,1110.47
295,Y,16663.45,16663.45,743.3,0.14,1106.19
296,R,18366.75,18366.75,1460.98,0.14,402.24
297,V,14521.24,14521.24,317.73,0.16,336.24
298,S,18639.04,18639.04,1627.65,0.16,337.11
299,D,19618.17,19618.17,2400.31,0.16,338.59
300,V,11395.79,11395.79,91.94,0.21,551.67
301,T,15747.83,15747.83,516.89,0.18,367.3
302,K,17889.0,17889.0,1208.72,0.18,369.07
303,A,17665.49,17665.49,1106.15,0.18,367.0
304,G,16802.88,16802.88,785.57,0.18,365.03
305,H,17893.1,17893.1,1210.69,0.18,366.98
306,S,20225.01,20225.01,3053.71,0.18,368.93
307,L,15340.76,15340.76,439.8,0.18,367.39
308,E,14788.38,14788.38,353.25,0.2,512.02
309,L,12832.64,12832.64,162.59,0.17,374.08
310,I,13559.04,13559.04,216.9,0.08,804.14
311,E,17550.96,17550.96,1057.01,0.06,733.34
312,P,16453.67,,,,
313,L,15216.14,15216.14,418.59,0.05,719.14
314,I,14527.2,14527.2,318.48,0.05,719.36
315,K,18412.28,18412.28,1487.61,0.05,718.39
316,F,19129.92,,,,
317,Q,19701.48,19701.48,2480.97,0.08,620.35
318,V,16226.63,16226.63,625.02,0.08,501.41
319,G,18188.49,18188.49,1361.22,0.07,471.84
320,L,16997.88,16997.88,848.76,0.07,451.31
321,K,17918.24,17918.24,1222.83,0.07,451.76
322,K,19871.35,19871.35,2653.94,0.07,481.13
323,L,16714.14,16714.14,758.39,0.07,576.29
324,N,22546.09,22546.09,7669.3,0.04,4728.14
325,L,19815.56,19815.56,2595.84,0.03,1993.98
326,H,20033.57,20033.57,2830.36,0.03,1998.61
327,E,21784.61,21784.61,5669.58,0.03,2002.97
328,E,19818.25,19818.25,2598.61,0.03,1993.98
329,E,19969.29,19969.29,2759.09,0.03,3245.66
330,H,20544.23,20544.23,3466.01,0.03,3245.54
331,V,23048.43,,,,
332,L,25557.94,,,,
333,L,28067.45,,,,
334,M,30576.97,,,,
335,A,33107.83,33107.83,506493.83,0.0,1655.53
336,I,28251.56,28251.56,73760.67,0.0,1653.6
337,C,31461.71,31461.71,263599.08,0.0,1052.09
338,I,20898.89,20898.89,3989.7,0.02,880.91
339,V,13497.98,13497.98,211.71,0.08,529.33
340,S,20379.83,20379.83,3247.16,0.08,486.83
341,P,19481.57,,,,
342,D,18333.17,18333.17,1441.64,0.08,456.45
343,R,18547.88,18547.88,1569.83,0.08,457.51
344,P,18197.81,,,,
345,G,17568.31,17568.31,1064.32,0.08,457.06
346,V,16066.66,16066.66,586.59,0.08,456.76
347,Q,18671.78,18671.78,1648.93,0.08,456.96
348,D,20869.69,20869.69,3943.73,0.08,457.39
349,A,17596.85,17596.85,1076.43,0.09,883.08
350,A,21930.97,21930.97,6008.56,0.02,1870.76
351,L,29059.19,29059.19,101620.61,0.0,4082.09
352,I,26988.8,26988.8,44693.86,0.0,4087.9
353,E,30462.49,30462.49,177326.73,0.0,4084.91
354,A,31570.04,31570.04,275175.06,0.0,17739.61
355,I,19749.22,19749.22,2528.41,0.01,7251.97
356,Q,21061.24,21061.24,4255.13,0.02,2486.21
357,D,23780.66,23780.66,12516.33,0.02,2472.7
358,R,23176.18,23176.18,9847.41,0.01,2283.98
359,L,22907.3,22907.3,8851.03,0.01,3309.85
360,S,26069.84,26069.84,31039.05,0.01,3071.77
361,N,29716.78,29716.78,131913.0,0.01,3157.21
362,T,26835.37,26835.37,42054.47,0.01,1683.68
363,L,23939.65,23939.65,13331.27,0.0,1179.64
364,Q,25338.86,25338.86,23225.15,0.0,1389.56
365,T,26963.95,26963.95,44255.48,0.0,1389.57
366,Y,28486.27,28486.27,80959.29,0.0,1547.3
367,I,23508.57,,,,
368,R,18500.64,18500.64,1540.68,0.07,1049.35
369,C,24228.98,24228.98,14952.83,0.07,1050.37
370,R,22925.47,22925.47,8915.05,0.07,770.6
371,H,20482.73,20482.73,3382.47,0.07,770.69
372,P,20005.9,,,,
373,P,19478.8,,,,
374,P,18951.7,,,,
375,G,18347.25,18347.25,1449.72,0.06,682.64
376,S,23031.06,23031.06,9296.46,0.06,682.19
377,H,21584.5,21584.5,5236.88,0.06,682.32
378,L,17654.34,17654.34,1101.27,0.06,682.61
379,L,15168.94,15168.94,410.82,0.06,739.47
380,Y,29671.26,29671.26,129551.84,0.0,3154.53
381,A,32742.65,32742.65,438180.84,0.0,2852.31
382,K,32239.24,32239.24,358851.66,0.0,2841.06
383,M,32662.5,32662.5,424466.77,0.0,8407.38
384,I,26205.33,26205.33,32753.22,0.0,1806.95
385,Q,27870.93,27870.93,63422.17,0.0,2644.89
386,K,29776.7,29776.7,135086.14,0.0,2635.49
387,L,25500.98,25500.98,24768.06,0.0,4640.13
388,A,26933.02,26933.02,43715.61,0.0,4657.12
389,D,21966.82,21966.82,6094.61,0.03,1833.92
390,L,16983.07,16983.07,843.78,0.03,1834.13
391,R,18608.58,18608.58,1608.1,0.07,582.54
392,S,22507.62,22507.62,7553.14,0.08,486.82
393,L,17474.65,17474.65,1025.49,0.08,485.99
394,N,19929.37,19929.37,2715.73,0.11,578.57
395,E,19554.6,19554.6,2340.53,0.1,503.22
396,E,16835.79,16835.79,795.89,0.1,502.36
397,H,17402.02,17402.02,996.37,0.1,503.44
398,S,21589.78,21589.78,5247.85,0.1,504.32
399,K,19844.0,19844.0,2625.29,0.1,503.2
400,Q,19379.51,19379.51,2183.47,0.1,503.23
401,Y,18056.37,18056.37,1291.71,0.1,531.69
402,R,19500.37,19500.37,2290.71,0.09,1365.14
403,C,23612.47,23612.47,11708.39,0.09,1367.24
404,L,18571.29,18571.29,1584.48,0.09,1365.34
405,S,18468.99,,,,
406,F,18331.43,18331.43,1440.65,0.12,726.81
407,Q,18661.26,18661.26,1642.06,0.12,731.24
408,P,17337.85,,,,
409,E,15950.11,15950.11,560.08,0.12,727.44
410,C,20704.49,20704.49,3693.55,0.12,728.79
411,S,23305.5,23305.5,10365.85,0.12,730.94
412,M,18846.01,18846.01,1766.94,0.17,789.69
413,K,17556.42,17556.42,1059.31,0.17,664.94
414,L,14583.19,14583.19,325.63,0.16,661.3
415,T,15884.53,15884.53,545.69,0.14,552.55
416,P,14367.86,,,,
417,L,12748.72,12748.72,157.27,0.14,552.29
418,V,12232.01,12232.01,128.12,0.14,550.67
419,L,13332.27,13332.27,198.24,0.14,551.7
420,E,13650.97,,,,
421,V,13859.37,13859.37,244.35,0.09,624.0
422,F,16391.66,16391.66,667.32,0.09,528.55
423,G,18773.36,18773.36,1716.74,0.09,528.19
424,N,22421.6,22421.6,7299.72,0.09,528.99
425,E,19492.94,19492.94,2283.96,0.11,587.12
426,I,12799.32,12799.32,160.46,0.12,707.92
427,S,12580.96,12580.96,147.14,0.02,783.26
